"","ID","R1","R2","R3","R4","R5","R6","R7","R8","R9","M1","M2","M3","M4","M5","M6","M7","M8","M9","S2","S3","S4","S5","S6","S7","S8","S9","T1","T2","T3","T4","T5","T6","T7","T8","T9","SEX","RACE","LOCALE","INCOME","SCHOOL_TYPE","Approach_to_Learning","Self_control","Interpersonal","External_prob_Behavior","Internal_prob_Behavior","Attention_focus","Inhibitory_Ctrl","EDU"
"14","10000014",61.0533,71.0552,78.5028,109.9882,112.6338,119.0805,131.0204,143.4052,137.0652,51.2953,50.6399,57.3925,80.1414,85.2682,94.1731,106.128,115.0474,125.8766,24.6497,30.483,32.3496,40.9454,46.5182,65.5331,69.0916,75.929,67.82,71.9,78.18,85.94,91.73,97.51,106.85,121.87,132.89,1,1,2,17,1,3.1667,3.6667,3.2,1,1,5.5,6.8,5
"29","10000029",58.7342,63.3107,87.439,108.3098,117.8031,124.4843,123.0577,126.5784,137.9527,44.1411,54.3557,64.7107,82.9958,83.2294,106.2275,123.4263,132.7925,127.5096,35.8322,43.7028,40.6455,47.7815,53.1821,60.4607,77.6913,68.3381,69.4,75.16,80.94,86.86,92.68,99.32,110.4,123.32,135.29,2,1,1,8,1,2.8571,3,3.2,2,1,6,4.3333,5
"47","10000047",51.5844,66.6677,67.5425,81.5954,92.1793,104.7755,112.0417,121.5341,140.2891,30.9925,44.7628,47.0755,57.7788,66.8194,78.5502,94.3809,99.701,115.347,41.2768,46.7668,42.082,43.3976,55.4341,73.3641,80.3503,82.6842,62.79,68.81,74.56,80.52,86.56,92.52,105.3,116.32,127.36,1,1,1,17,1,2.5714,3.5,4,1.6,1,4.5,2.6667,5
"66","10000066",53.692,61.6393,74.8572,91.1721,105.4468,122.3648,126.2234,141.0226,148.8337,24.6459,47.0937,56.6954,69.5438,76.1157,86.6673,122.506,118.6628,131.0051,43.2319,53.8406,59.3788,56.0984,61.3869,77.8254,79.7523,86.9595,64.6,71.28,76.54,82.72,88.54,95.11,108.13,119.21,132.1,1,3,1,18,2,2.2857,3,3.2,1.6,1.25,4.8333,3.5,6
"95","10000095",54.8889,73.2573,77.7501,107.0961,113.7871,108.4502,127.03,132.5852,136.9246,29.6065,50.2221,61.0513,81.7005,77.4089,95.1059,109.7579,118.7727,120.9763,43.4005,46.8256,50.2495,47.4,55.3191,68.1581,58.9861,82.4376,62.76,68.05,74.5,80.71,86.66,93.07,105.17,116.19,130.19,2,1,2,16,1,3.5714,3.5,3.4,1,1,5.5,6,6
"129","10000129",91.2245,107.1388,120.3719,136.5753,137.1338,139.9153,140.1828,152.343,155.956,60.4633,74.5698,82.6556,83.0306,110.981,119.8762,119.4172,122.1821,136.536,47.8725,63.9814,66.443,68.9873,73.0444,78.6502,82.9082,89.5211,66.87,72.56,78.81,84.49,90.94,96.49,108.53,120.43,132.43,2,8,4,18,1,3.7143,3.3333,3.2,1,1,7,6,8
"167","10000167",53.2403,61.3283,72.6818,85.255,90.4867,106.3293,109.9093,129.1613,123.5006,27.6752,35.6628,40.4603,61.4422,55.493,67.172,68.3303,82.6799,92.163,35.1082,44.4616,45.234,51.7393,47.4773,65.3974,58.7315,71.1424,65.85,70.65,77.62,82.65,88.37,95.01,106.98,119.93,131.97,1,1,2,18,2,3,4,3.6,1,1,4,6.2,5
"225","10000225",55.3157,73.8509,103.5756,117.2309,118.5351,135.4636,138.4924,148.8314,154.0239,49.4238,56.016,75.7383,91.753,89.0471,107.4974,123.7841,125.9096,133.5753,34.0092,58.7974,46.5198,61.853,72.7134,73.1388,80.3115,88.8048,67.07,74.37,80.94,85.48,91.36,97.81,109.51,121.55,133.55,2,1,2,16,2,3.7143,3.5,3.4,1,1,5.5,4.8333,6
"282","10000282",46.2748,67.7824,70.7348,72.1181,75.0177,85.7548,105.9908,105.2087,127.3339,28.8695,36.0259,36.65,45.6972,54.0853,54.2465,67.8957,85.3568,96.0797,28.2176,28.3464,34.3122,35.4745,45.6286,52.0071,48.933,71.074,70.92,76.67,81.93,87.88,93.14,100.73,111.62,123.62,135.58,1,3,2,5,1,1.7143,2,1.8,1.2,1.75,3.5,4.8333,3
"295","10000295",53.0987,62.7228,62.0475,75.7248,75.4365,80.7232,101.7844,116.443,126.2753,25.5655,44.2727,45.1673,58.8651,56.6447,69.0709,83.3965,95.7777,116.1546,24.7114,29.4272,32.8412,33.529,41.1725,40.85,59.4949,62.8063,68.58,73.94,79.59,85.58,91.1,96.23,108.36,121.35,131.41,2,3,1,5,1,4,4,4,1,1,6.8333,6.8333,2
"313","10000313",61.1402,81.0063,90.1597,118.501,122.7518,122.12,140.7603,140.9186,158.527,51.7323,95.5323,84.9092,113.4492,111.9447,121.4465,132.3715,141.1043,147.4934,53.3418,51.3583,67.1723,61.7936,69.3326,83.1741,87.6418,89.6982,73.97,79.27,85.71,91.89,97.84,103.82,115.43,128.38,140.42,1,1,4,17,1,2.8571,3.3333,3,1.6,1,5,4.4,8
"398","10000398",58.589,63.2199,65.0048,79.6854,84.1004,99.7043,119.2519,123.3831,133.6459,42.1286,53.8533,49.2379,72.2431,76.5675,96.5444,110.304,111.5472,116.9958,36.127,34.2232,45.4093,39.9736,43.449,54.9235,59.4663,70.6245,70.92,74.79,80.78,87.45,91.99,100.08,109.94,123.91,135.95,2,5,1,15,1,3.1429,2.75,2.8,2.2,2,6.1667,4.8,8
"418","10000418",44.4196,51.1108,61.6194,76.1004,87.8914,103.025,104.275,110.2,117.3012,21.3393,39.2059,47.982,61.4048,64.0827,70.4537,90.0503,90.6869,103.3065,21.3152,21.9933,28.8981,30.2278,40.2775,52.6164,47.9493,63.6424,58.49,64.47,70.19,76.57,82.78,89.69,101.75,111.85,123.85,2,3,1,5,1,3.2857,3,2.6,1.8,1,4.8333,5.3333,3
"488","10000488",58.913,81.6811,99.4679,108.1534,105.1264,122.3307,140.314,147.2895,155.0776,35.2116,47.795,65.7357,77.7272,79.1194,105.7158,116.7285,119.2377,136.8831,36.818,35.6971,42.0408,54.8481,57.4172,71.4808,74.9962,83.8181,63.98,70.45,75.48,81.93,87.55,94.42,105.67,117.7,129.63,2,1,2,10,1,2.8571,3.25,2,1,1.75,5.1667,4.25,6
"507","10000507",52.7389,67.8411,71.8334,95.9287,109.4046,113.0119,118.614,130.9745,137.3613,40.9513,74.2477,76.8812,83.3167,104.1029,102.0305,116.8049,135.389,138.6394,37.4294,38.0663,49.3414,57.7471,50.6703,67.5119,79.5273,86.5722,70.16,76.87,82.42,88.41,93.44,100.34,112.18,125.13,136.21,1,1,2,17,1,2.8571,3.25,3.6,1,1,5,6.25,5
"535","10000535",49.4948,59.4608,58.8849,78.0589,76.2885,85.0224,104.0391,117.7592,109.1812,42.0469,52.6104,56.1891,72.7229,71.7415,87.3083,100.6296,118.4809,120.5057,36.2676,41.3298,46.9259,54.5964,51.7887,62.1954,63.5297,71.7969,68.55,74.5,80.45,86.63,92.19,98.79,111.65,123.55,135.58,1,6,2,9,1,4,4,3.8,1,1,7,6.6,3
"540","10000540",62.3854,82.6815,105.5047,111.6809,136.8799,140.1732,140.2576,149.9575,152.2531,38.0062,51.893,69.9205,81.6664,83.4497,104.4808,105.8254,115.1871,135.4724,45.7464,54.7398,56.4928,57.8587,66.7489,73.8118,76.2991,87.1028,71.31,77.1,84.13,90.15,94.95,101.03,113.36,125.39,136.41,2,5,1,18,2,2.8571,4,3.2,1,1,4.5,4.6,8
"620","10000620",55.3558,67.0266,90.1898,107.2137,104.6763,107.9379,123.9242,126.9141,138.8752,30.8492,38.0948,50.8874,64.9503,74.1967,80.1248,103.0373,110.2541,118.1309,31.3859,33.0268,38.4183,44.4887,49.7391,56.9355,77.3313,60.4896,71.54,77.79,83.08,88.54,94.98,100.96,112.27,125.33,137.23,2,1,2,12,1,3.2857,3.5,3.8,1,2,4.5,6,8
"681","10000681",50.5273,63.6413,65.1082,97.3874,106.9626,117.3102,128.1493,139.9759,158.0935,36.6125,50.8156,54.6694,73.0069,80.3579,92.1693,101.713,123.4125,121.2023,34.7544,33.5619,39.8595,42.8082,55.0728,64.9492,73.4528,85.413,66.58,72.07,76.24,83.57,89,95.24,106.29,118.29,131.21,1,7,4,5,1,3.4286,4,3.8,1.4,2,4.8333,6.2,5
"733","10000733",58.7133,63.5914,66.3886,89.1473,95.0157,105.6206,116.7372,128.297,128.6717,51.8045,46.4238,55.9823,73.3396,77.6443,87.7647,105.3714,98.9835,114.9117,33.9178,43.7191,48.5542,45.3246,61.3216,70.9421,72.3511,81.179,70.19,76.21,81.9,88.8,94.52,101.03,113.26,124.31,135.29,2,1,2,17,1,2.8571,3.5,3.2,1.6,1,3.5,3.3333,8
"783","10000783",53.4429,56.9676,63.9966,82.5906,104.4728,111.3001,102.0593,107.0249,124.0311,37.3447,39.3759,46.5871,67.0366,70.0262,69.815,80.6802,94.9913,111.8812,22.0046,25.8364,27.0121,26.462,38.6132,44.3882,49.3772,58.0995,60.49,67.89,72.92,79.33,84.89,91.89,103.79,113.82,127.73,2,2,2,6,2,2.5714,2.75,2.6,2.2,1.25,4.3333,4.8333,5
"847","10000847",52.3772,60.4575,80.5366,111.3387,123.3432,133.6489,145.5633,136.5438,147.3922,39.1981,48.8231,71.0203,76.2275,92.5715,111.0456,124.8191,121.7985,138.199,34.3539,36.2917,54.7491,53.5441,60.507,70.3484,78.2631,87.4283,69.21,74.76,81.86,86.63,92.91,98.79,111.06,123.12,136.01,2,1,2,14,1,2.7143,3.5,2,1,2,6.1667,6.1667,8
"882","10000882",62.8289,94.3021,114.9917,113.6586,126.0895,127.509,133.1691,143.002,149.4208,46.8868,60.1269,65.6315,82.7215,94.2641,104.0135,125.1279,132.8606,130.0362,34.1188,49.0603,65.52,75.5099,61.0406,73.779,79.2785,87.5069,71.97,77.36,83.7,90.35,96.2,102.31,113.19,125.23,137.19,2,2,2,5,1,3.8571,3.75,3.8,1,1.25,5.8333,5.6667,5
"883","10000883",64.1101,71.6991,96.3283,131.5267,134.3118,142.5718,146.9381,152.1644,155.1708,40.8242,53.8202,73.1538,85.9844,91.3227,103.6437,115.6966,119.0821,136.7324,38.8196,52.2709,57.2791,64.7412,64.4765,71.5391,83.1727,89.1403,68.91,73.78,79.96,86.63,92.28,98.53,110.47,121.48,133.51,2,1,4,16,1,3.1429,3.5,3.4,1,1,6.3333,6.3333,8
"938","10000938",64.0817,69.7413,88.2267,111.1678,109.2686,126.3991,133.2697,143.9072,146.6228,33.3633,45.2573,51.1909,73.5823,78.8813,92.029,119.2218,118.6368,121.7925,26.6048,31.4658,39.7029,47.2874,50.7809,60.9393,68.121,75.3206,67.27,72.33,79.66,85.45,91.89,97.45,107.47,121.48,131.51,2,1,1,15,1,2.7143,3,2.8,1.6,1.75,4.1667,5.4,6
"939","10000939",49.7032,69.4898,68.3945,76.2885,86.6617,90.4177,121.6666,121.2987,114.8421,30.081,42.2062,50.3674,66.0201,72.6412,90.4137,90.6316,95.6335,116.9195,34.4161,44.2301,48.2056,52.2959,55.2456,67.7575,64.084,71.0623,67.33,74.7,80.52,86.4,93.3,97.91,110.4,121.45,134.43,1,3,2,17,2,2.1429,2.5,2.2,1.8,2.25,2.8333,3.8333,7
"980","10000980",62.3854,86.323,91.1634,118.0186,119.7345,133.2937,134.5807,140.1162,147.5107,39.8919,59.098,72.4839,68.225,77.0891,90.0119,102.9803,114.8914,119.7599,42.6838,54.6168,63.2617,55.9917,60.1234,65.1682,72.2683,88.7959,65.13,71.84,77.13,83.51,89,95.54,106.52,118.52,130.52,2,1,1,16,2,3.8571,3.25,4,1.2,1.25,5,5.5,5
"1010","10001010",43.132,55.7256,55.4419,60.6475,47.5739,65.5129,83.6198,91.3459,87.9637,27.5819,22.7036,42.7638,43.8763,45.6159,54.8409,85.9725,105.8748,103.0636,34.9844,30.9971,35.7019,46.6764,40.9523,42.4385,66.9651,68.3431,69.73,75.72,82.13,85.97,93.4,98.73,109.22,122.24,134.14,1,1,2,17,1,2,2.3333,3.5,1.4,1,2,2.5,6
"1048","10001048",52.8902,56.9936,63.1674,98.0746,76.7149,91.3338,97.534,116.1992,112.5371,35.1358,46.8346,53.9172,69.3261,77.9062,84.6662,92.9176,95.1107,110.9268,26.6263,23.0859,36.9581,37.8126,41.485,49.1449,67.1972,70.0133,67.27,72.23,78.84,85.22,90.54,96.99,108.99,121.02,132.07,1,1,2,17,1,2.2857,3.3333,2.5,1,1.25,3.6667,4.4,8
"1091","10001091",59.719,54.7315,76.2332,108.0779,105.9797,106.0749,122.9548,133.1555,153.142,37.1857,37.4956,58.3808,68.2466,87.1826,97.6818,112.1487,124.5902,129.4518,36.1078,29.5136,35.004,49.8221,66.1288,59.6982,71.7554,77.116,63.55,69.07,75.72,82.13,87.65,94.09,105.5,116.55,129.5,1,3,2,9,1,4,3.5,3.2,1,1.25,6.3333,6.6667,3
"1098","10001098",42.2135,60.56,60.5632,93.7729,99.5073,110.8267,119.5059,116.946,122.2321,25.2431,39.5787,45.4444,71.6355,70.0875,89.1567,99.2877,110.0312,112.3809,29.4299,30.9178,41.038,40.3332,48.4503,55.2306,61.8324,68.8562,66.25,72.69,78.18,85.32,92.65,97.55,108.89,121.81,133.81,1,3,4,4,1,1.8333,2.3333,2.4,2,1,2.3333,2.25,4
"1099","10001099",83.1803,113.8541,125.2486,130.8849,140.931,146.4215,155.0592,151.4309,158.6775,71.5553,89.1832,102.4083,106.9864,110.7227,125.2152,133.1912,138.706,144.514,55.2795,66.1351,63.8796,78.9754,80.6689,86.9753,87.7289,90.1066,70.36,76.6,82.16,89.13,95.11,100.87,113.39,125.46,136.5,2,3,1,17,2,3.2857,3.5,3.6,1.2,1.75,5.6667,5.8,8
"1209","10001209",45.0316,61.6028,71.3063,82.4582,98.7778,106.6322,106.2196,116.6787,117.4015,29.0836,38.5983,48.24,63.0158,63.2156,71.9543,91.1308,93.2094,105.0131,24.6296,23.8694,34.4399,29.6967,37.1929,47.3776,63.3907,59.6346,67.43,73.84,80.98,84.62,91.96,98.24,111.02,121.12,133.02,2,2,2,11,1,2,2.25,2,2,1.5,3.8333,4.6667,7
"1239","10001239",71.3564,70.866,80.5658,104.0517,121.7556,121.3969,130.6784,145.3017,152.2953,46.0409,60.436,64.6747,93.2539,94.8354,101.9533,113.7004,119.3653,131.434,30.1971,35.4815,34.7223,48.7096,52.6572,62.1823,67.1804,79.9719,68.75,75.16,81.14,87.62,92.94,98.43,109.94,122.93,134.86,1,3,1,3,1,3.8571,3.5,3.4,1.6,1,6,5.2,3
"1244","10001244",51.387,60.585,64.4721,76.6126,74.8633,98.3309,118.2556,133.9489,132.5559,35.5873,41.0161,56.1964,81.0728,80.3646,86.2356,97.7543,100.9294,109.0483,33.2898,39.1335,54.4236,50.2033,56.0526,65.0294,73.8249,68.508,70.36,76.57,83.44,88.96,93.27,99.98,112.27,125.29,136.31,2,1,2,17,1,3.2857,3.5,3.2,1,1.25,5.3333,4.8333,3
"1245","10001245",54.8219,70.8248,86.6981,119.9792,118.5635,120.799,132.5657,149.1003,153.4348,33.283,57.1646,79.4308,101.1777,99.8516,106.6942,119.1998,124.0256,130.8567,35.8156,46.4141,57.9803,61.444,62.2614,72.7034,71.4875,84.6934,64.14,69.04,77.19,82.95,89,94.49,104.81,115.89,129.83,1,3,2,8,1,2.7143,2.6667,2.75,2.4,1.25,5,3.6667,5
"1247","10001247",54.7766,70.4013,82.6285,100.2783,105.5521,107.4975,117.017,130.3934,130.516,42.2127,50.9151,58.4125,61.0737,81.0863,93.1359,110.3394,124.7428,118.1549,37.7696,33.3464,37.2984,44.439,40.5347,63.2187,65.8616,61.0233,58.78,65.92,72.46,77.85,82.98,88.7,100.44,112.44,125.39,2,5,2,16,2,3.3333,3.3333,2.8,1,1,4.8333,6,6
"1252","10001252",47.9646,63.7789,84.2246,107.4171,102.3962,114.5259,122.8435,129.0615,143.7153,31.0418,41.0433,62.5543,65.0639,70.7743,74.9029,98.4143,93.9038,109.0105,30.0917,24.3176,37.2574,38.5137,43.5403,56.2156,67.633,74.9218,60.1,65.69,72.36,77.82,83.11,89.06,101.88,111.91,123.91,2,3,1,5,1,3.1429,3.6667,3.2,1,1,5.3333,5.5,6
"1282","10001282",53.5404,70.0951,74.2975,94.2975,113.6754,106.1173,110.1596,124.8621,140.3604,40.7329,62.9804,68.1035,75.4922,93.8489,97.6173,100.4362,129.8563,132.6358,33.8013,31.8271,37.805,50.3539,46.7494,66.6239,65.0143,79.172,67.4,72.69,79.17,85.35,91.27,97.35,108.89,121.84,133.84,2,1,4,10,1,3.2857,3.6667,3,1,1.75,6.4,5.8,8
"1311","10001311",46.9958,56.5527,71.8955,77.3393,81.6438,95.4009,123.1228,119.8882,144.8549,27.3692,51.7649,55.0675,67.1295,72.9746,85.4484,96.3253,109.2915,111.877,43.9433,33.6741,44.3427,46.3448,44.3833,52.4702,70.1893,71.8252,62.53,69.93,75.19,81.37,87.58,94.13,105.83,116.94,127.92,2,7,3,9,1,2.8571,2.25,2.8,2.2,1.5,4.6667,3.6667,3
"1373","10001373",36.454,41.7226,45.3901,46.1895,73.5289,67.3847,72.1906,77.3225,78.7087,16.4652,22.4607,23.9639,22.2135,13.6299,27.4013,43.407,59.0357,28.5587,22.904,21.3129,24.9685,30.9376,34.5125,38.9621,31.3673,33.8262,70.36,75.88,81.86,88.01,94.95,99.75,110.14,123.12,135.06,2,3,4,7,1,2.4286,2.75,3.8,2,1.5,1.6667,2.5,5
"1375","10001375",40.3946,62.09,74.3848,86.9007,104.9429,112.845,121.9042,126.005,121.7654,20.4657,34.5961,42.7137,65.6367,64.1236,77.8294,83.8538,109.1574,116.3198,27.4814,32.7323,34.7738,42.7084,44.5053,53.3515,68.4676,64.8322,61.64,67.17,74.27,79.13,85.32,91.23,103.5,115.56,128.45,1,1,2,17,1,2.7143,3.75,3,1,1.25,5.6667,5.5,5
"1380","10001380",57.4745,73.59,85.7508,115.8582,114.1002,123.8375,139.8334,145.1943,141.6829,30.0332,59.3042,70.8421,84.3174,88.2386,88.9904,123.2433,132.3826,125.8668,32.5836,44.9633,48.809,47.6875,59.1852,64.8473,63.7021,86.2313,68.25,74.17,79.46,87.02,91.2,97.68,108.66,121.68,133.68,2,3,1,11,1,4,3.25,3.6,1,1,6.3333,5.8333,5
"1406","10001406",52.4918,69.6164,78.021,95.28,96.4274,113.843,117.9079,120.7247,145.0639,37.6047,45.2753,43.3385,60.1788,56.1001,75.0946,94.6354,121.002,127.9236,36.1834,34.1692,47.634,46.5735,69.8866,72.2202,80.7095,89.3998,67.56,71.08,77,83.41,88.8,95.41,107.38,118.42,130.42,1,1,2,18,1,1.7143,2.5,1.8,2.4,1.5,1.5,3,8
"1416","10001416",49.2379,69.2915,76.6918,104.0724,109.8025,122.3307,136.9065,134.4822,138.2094,41.3946,53.8107,66.5055,86.6893,82.5104,85.879,116.1486,113.4434,122.6836,41.7365,36.2845,50.2923,54.5592,60.0287,68.1042,73.6037,81.3368,70.32,76.77,82.32,89.42,94.49,101,112.96,125.88,138.9,2,1,4,16,1,2.8571,3.25,3.2,1.8,1.25,5,5.5,6
"1462","10001462",52.3964,63.6191,73.745,84.5792,93.6231,103.6996,114.3783,122.5809,120.9875,42.0319,44.5969,50.3028,68.1116,76.7147,89.9623,104.4479,103.8979,119.3215,35.2826,35.8619,46.4346,44.534,49.0636,58.23,69.2546,68.7368,71.38,76.54,82.22,88.14,94.36,100.6,112.18,123.16,135.16,1,7,4,10,1,3.1429,2,2.8,3.8,2,3.8333,3,3
"1498","10001498",59.1139,78.8815,89.236,108.1048,109.6552,134.6046,148.7538,142.7008,149.7164,53.9716,70.2941,85.6579,84.5236,109.9592,111.8923,126.4982,134.0499,142.1316,37.0765,51.6143,54.3624,59.3708,61.4481,68.6998,79.5273,85.5555,75.35,80.88,86.89,91.89,97.68,104.32,114.44,127.4,139.43,2,1,2,11,1,4,3.75,4,1.4,1.25,6.5,6.1667,6
"1510","10001510",41.1457,47.2556,67.0332,77.5152,75.2606,91.8653,102.6515,106.8792,110.8318,21.5702,34.4285,57.9638,65.4367,68.6913,73.2216,77.5843,92.4068,96.7667,24.2982,23.7987,26.9006,30.0879,30.892,42.726,42.4123,43.4183,67.46,71.77,79.4,85.02,89.95,95.7,108.16,120.16,131.15,2,3,1,14,1,3.7143,3.75,3.8,1,1,6,5.4,8
"1522","10001522",62.3785,73.6688,94.1009,106.1544,98.6221,131.9979,125.2339,137.3613,142.048,37.731,57.9832,65.0845,70.5997,72.4287,104.0867,112.5061,117.8365,127.8082,37.5771,43.8541,41.7915,45.3816,55.6781,61.8781,67.9982,77.0152,63.98,69.86,76.64,81.34,87.72,94.22,104.98,117.99,128.94,1,3,1,12,1,3,3,3.6,1.8,1.25,4.5,5.3333,3
"1532","10001532",62.4757,101.6556,101.6354,128.1055,112.4006,127.1903,132.9964,146.2173,151.3399,41.2827,64.7364,59.8505,91.9162,99.2564,120.5396,120.5037,136.7914,136.9108,36.7287,44.4646,46.7303,49.3313,59.6571,59.2084,70.2111,74.8489,59.34,66.18,71.31,77.75,83.44,89.92,101.16,115.07,127.07,2,1,1,14,1,3.7143,3.6667,3,1,2,5.3333,5.8,8
"1586","10001586",37.058,39.3461,44.3948,42.6224,67.3096,65.5374,69.843,80.0216,81.565,14.7435,17.0766,16.063,24.3111,32.2676,41.7898,56.0828,64.3937,66.1574,19.4882,18.4699,18.6429,18.2115,22.71,29.9338,23.2367,28.303,61.68,65.36,72.26,77.1,83.93,91.1,100.5,113.42,124.5,1,3,1,5,1,2,2.25,2.8,1.8,1.75,5,4.3333,1
"1632","10001632",59.3665,74.2794,74.8479,112.9173,117.4065,117.4518,127.3442,137.2018,156.5455,42.5896,68.1521,86.6563,95.7199,109.7894,115.7923,128.551,131.5368,132.253,35.5414,45.9252,61.5012,61.2136,68.5244,75.841,71.1558,86.3342,68.12,74.66,80.15,86.96,93.67,97.64,109.55,121.55,132.59,1,3,2,15,1,2.8571,2.5,3,1.4,1.25,5.8,5.75,4
"1645","10001645",59.8945,74.5088,85.9543,99.0121,106.1226,124.3539,131.158,130.2244,129.0268,49.1714,61.2429,61.3724,74.2477,80.7294,99.9367,120.464,131.8276,124.0923,29.4346,31.3828,38.9239,41.1767,48.7593,63.184,69.4343,70.6028,70.36,75.62,83.34,88.11,93.34,100.96,111.85,124.8,135.75,2,1,2,11,1,2.8571,2.25,2.6,4,1.75,3.6667,3.1667,5
"1675","10001675",54.7411,87.9533,104.2802,113.1455,111.3111,139.5136,141.4018,149.9981,154.6969,42.7747,57.2737,56.4469,67.4197,71.4839,92.9397,113.1778,112.4548,135.5876,40.9495,35.3398,47.0296,49.3733,60.5091,64.4152,69.5015,82.2766,68.91,74.01,79.69,86.43,90.77,97.91,109.71,121.71,133.68,2,1,4,12,1,4,3,3.8,2,1.25,6.5,6.6667,5
"1692","10001692",47.4964,59.9695,73.7626,98.3164,103.3797,104.6241,115.2009,110.4386,130.0127,32.1466,34.6539,44.9648,64.2003,67.6174,81.3842,99.634,106.8527,120.1976,20.1236,27.6347,23.1299,29.0323,32.3286,43.3332,64.3636,68.2641,63.09,67.3,73.94,79.89,85.22,91.63,104.55,115.56,127.56,1,3,1,13,1,2,2.75,3,1.4,1.75,4.3333,4.5,3
"1701","10001701",84.2557,97.8721,99.3893,107.5511,113.72,126.8596,122.6629,133.1264,156.4049,41.1775,44.8885,54.8933,66.4687,81.9362,77.1966,101.14,113.1656,121.8559,33.3257,34.9025,39.2269,48.5872,58.5201,64.0192,64.1023,70.5309,69.07,75.25,80.75,86.7,94.32,99.62,111.91,122.93,134.89,1,1,2,17,2,3.4286,3.25,3,1,1,4.6667,6.4,8
"1764","10001764",52.6874,62.8077,72.9493,82.1078,89.711,101.8933,121.7234,131.2118,152.3933,40.6666,53.9858,65.8765,66.6847,67.6468,99.3333,109.5385,117.612,123.2984,40.1462,46.1549,50.7601,49.7239,50.1402,60.0985,71.6889,75.9801,64.27,70.03,76.24,81.96,88.41,93.96,105.99,117.9,129.9,1,1,4,17,1,2.1429,2.6667,2.2,1.4,1,3.8333,4.2,8
"1802","10001802",53.5052,66.5373,76.5962,85.5044,96.9534,116.8519,129.9562,141.5123,130.9226,32.8047,51.9327,57.9053,85.3762,77.74,90.2107,107.6945,118.5009,127.6907,41.9996,49.2726,52.8568,56.416,71.4628,77.3141,76.3723,88.063,69.7,75.68,81.9,88.01,93.53,99.78,113.26,124.34,136.27,1,3,2,17,1,2.8,2.5,2.6,1.8,1,4.6,3.8,8
"1811","10001811",100.1096,97.2679,108.8561,116.8688,112.1844,126.5059,125.0982,148.098,149.0274,62.7079,66.4239,74.6514,105.9351,97.4925,126.8877,125.641,136.3179,135.9601,45.5574,46.4236,53.9821,51.7147,65.2588,67.4563,71.3659,81.1453,81.34,86.43,92.12,98.83,103.2,110.3,122.14,134.1,146.1,1,1,4,17,1,3.5714,3,2.8,1.4,2.75,6.1667,6.6667,6
"1857","10001857",42.4316,52.4311,58.4111,70.7477,82.9019,94.9972,106.0729,119.9954,127.8101,19.0404,34.0833,41.7877,67.1428,66.1589,70.7236,72.2132,93.6137,97.8262,24.0573,32.0709,33.0139,35.4921,44.5793,47.0493,58.1134,77.2874,62.24,67.13,73.71,79.43,86.86,92.65,103.4,116.42,127.46,2,3,1,7,1,2.2857,2.75,3,1.8,1.25,3.3333,4.1667,6
"1864","10001864",63.1259,70.0154,80.3251,103.9273,112.3729,129.9542,116.2784,139.4534,140.2394,40.7723,55.7878,61.5595,66.6874,79.833,84.7233,85.8926,98.3897,121.1111,36.6262,40.412,40.8585,44.2181,50.7895,57.9893,63.8166,64.7671,66.05,71.84,78.67,83.7,90.61,96.43,108.2,121.12,133.18,2,5,1,18,2,3.2857,3.5,3.2,1,1,5,6,6
"1946","10001946",62.2663,94.9417,88.4472,108.9374,120.5086,125.469,133.6824,142.7008,152.7637,39.6187,58.9876,73.0274,82.9714,97.223,99.7625,118.8645,118.3429,130.7891,51.7993,47.0967,41.6801,55.2099,57.388,73.0812,74.5764,83.0064,67.17,73.12,79.63,83.47,90.02,96.23,109.68,120.72,133.64,2,1,2,14,1,3,2.75,2.8,2,1.25,5.8333,5,6
"2018","10002018",45.103,44.3926,55.7473,68.3044,78.8111,75.1794,92.9708,104.9686,110.2667,16.7849,24.7328,35.5565,53.2398,55.5074,68.6968,68.845,84.354,104.0721,19.2807,18.4979,25.0062,29.0541,27.5781,25.1606,41.5981,46.6653,67.69,73.18,79.92,86.27,91.79,98.24,109.64,120.69,133.64,1,3,2,16,1,2,2.6667,3,1.4,2.25,2.8333,4.6667,3
"2081","10002081",51.4602,66.3738,69.5433,87.974,102.3452,105.2051,120.5859,116.7914,137.6252,35.5925,53.6713,63.9959,72.834,86.6563,103.0828,123.0936,125.2822,128.4035,37.25,36.1318,41.2184,44.2002,50.3917,61.8635,69.6089,77.3517,64.93,71.11,78.12,83.97,89.98,95.97,107.54,120.49,132.49,1,1,2,17,2,3.5714,3.75,3.8,1.2,2.25,5,7,8
"2235","10002235",63.8443,73.5638,78.5867,115.329,126.2753,136.1347,144.0847,149.0968,150.0156,57.7107,77.606,73.1715,91.0599,89.8479,101.1818,125.3758,116.1727,139.3974,44.2211,51.4476,59.1015,71.0682,76.2919,81.3193,83.4049,89.1501,70.82,75.65,81.86,88.04,93.9,99.88,111.42,123.39,133.48,2,1,2,17,1,3.1429,3.75,3.5,1,1.75,4.6667,5.8,6
"2252","10002252",47.6884,61.0967,70.6529,96.5172,100.5818,120.5997,126.321,135.9003,137.7405,37.7888,45.9979,56.3071,57.3197,67.2731,67.8721,79.5997,99.7568,117.9547,38.9696,37.3782,32.3507,40.103,42.3159,57.7619,57.503,68.4256,62.37,69.67,74.93,81.11,87.29,93.73,105.57,116.68,127.66,2,1,3,10,1,3,2.75,3,2,2,4,4.5,5
"2316","10002316",51.2118,53.5122,70.7528,105.0582,107.9003,122.2396,119.042,127.7195,153.8452,32.2995,38.1724,48.5097,68.9997,72.217,78.4402,105.3455,113.7697,121.3272,31.3334,34.0192,38.7247,41.4836,53.7232,61.0314,67.7205,73.7266,69.11,74.04,80.65,87.06,92.42,98.89,110.83,122.83,133.91,2,1,2,9,1,2.5714,3,3.2,2,1.6667,4.1667,5,7
"2500","10002500",49.6994,63.7007,62.467,96.0413,98.147,113.7256,121.0737,125.6594,145.1509,33.8546,41.4835,54.8433,62.8618,67.0631,75.2197,98.6116,106.4577,119.9927,33.0527,28.3429,43.1047,45.2432,47.196,50.5064,58.5342,72.9196,67.33,72.66,79.33,85.78,91,97.22,107.57,121.55,133.48,1,8,3,16,1,2.4286,3.5,2.8,1.4,1.25,2.5,3,5
"2569","10002569",53.1471,72.7828,79.5134,98.326,105.5996,115.9146,121.4816,133.4571,133.8743,48.0345,52.4746,65.5821,81.1235,79.6118,99.309,121.6599,127.762,133.7757,33.029,35.4229,38.0523,40.2585,48.6583,57.1016,74.3244,76.5804,70.09,76.27,81.57,87.02,93.47,99.45,110.76,123.81,135.72,1,1,2,14,1,2.7143,3.25,2.8,1.2,1.25,4.5,5.1667,4
"2584","10002584",59.6836,70.4039,75.7823,105.1054,102.8046,108.4232,133.378,123.2509,127.841,51.1445,62.2201,74.008,87.2528,96.4201,122.174,119.8853,120.9485,130.5424,41.7717,37.9811,50.6238,46.8415,52.8748,62.7981,80.4649,82.4859,65.88,71.93,77,84.1,89.13,94.65,106.62,117.7,132.66,2,1,4,4,1,3.7143,3,3.2,1.2,1.25,5.6667,4.8333,5
"2727","10002727",52.459,63.1367,69.7806,90.1555,99.4532,114.3074,122.3351,127.3504,140.7733,44.4425,54.5553,67.4864,79.9754,82.5899,103.599,114.7029,121.0556,129.4898,38.5473,39.4038,45.5528,47.6923,52.1055,61.8145,68.0453,78.9384,68.61,72.46,78.9,85.74,91.07,97.48,109.58,120.56,134.6,2,1,2,17,1,3.2857,3.5,3.2,1.2,1.25,4.5,5.6667,6
"2729","10002729",45.0987,52.3493,52.8218,55.1785,68.2147,66.786,70.6983,89.1507,94.9133,17.23,28.7926,32.2525,48.0665,49.5156,64.8884,85.6681,100.5985,95.6741,27.6975,27.6237,33.0074,41.8621,45.4355,47.9493,56.7319,59.8925,63.45,69.67,75.39,81.57,87.32,93.34,105.57,118.52,130.52,1,1,4,8,1,2.1429,3.75,2.6,1.6,1.75,2.3333,3.6667,5
"2856","10002856",61.5383,73.4477,74.2224,99.5811,95.7368,111.2946,110.6229,126.4643,134.3322,30.2418,47.303,56.3529,63.0259,60.9842,65.6289,103.3634,96.5348,100.5229,32.3643,36.4355,46.2584,40.1205,49.6276,54.3281,54.331,75.6005,70.68,76.73,82.85,89.79,94.39,101.1,112.83,123.85,137.75,2,3,2,16,1,2.8571,2.75,2.8,1.8,2,4.1667,4.2,8
"2918","10002918",50.3849,66.5693,63.4716,92.6913,96.0695,106.4568,110.4083,125.2923,133.4552,35.0484,52.0539,51.2118,70.4033,71.5754,91.9006,107.9782,108.8719,124.3669,28.7047,32.7952,41.7689,40.5976,59.1414,36.2546,50.86,67.0038,68.35,75.48,79.82,85.84,91.36,99.16,109.28,121.25,135.25,2,2,2,12,1,2.8571,3.6667,3.2,1,2.5,4.6,5.2,5
"2941","10002941",75.1233,100.6666,108.9049,121.1292,126.725,133.8257,141.3199,147.0349,146.6844,58.8994,88.9338,95.2931,110.8721,119.9863,123.561,131.1495,132.5767,134.6114,51.7993,47.1848,59.1773,76.1963,66.6022,74.6901,78.1036,87.9054,67,74.37,78.87,85.97,93.34,97.02,109.08,120.07,132.1,1,1,4,15,1,3,3.25,2.8,1.4,1.75,5.4,4.5,3
"3019","10003019",60.5103,71.8658,75.7599,114.4418,125.0111,134.5943,145.7156,138.6799,155.0813,38.5003,45.37,63.558,94.2127,101.5187,107.8299,125.7734,119.5826,134.7031,44.4751,47.4451,53.9618,62.1155,66.2524,74.3927,78.2074,86.7845,69.07,75.02,79.92,87.62,92.71,99.16,109.02,122.07,135.98,1,1,4,17,1,3.2857,2.75,2.4,2,1.75,5.1667,4.5,8
"3040","10003040",53.7937,62.3595,79.628,81.4095,83.9184,104.452,100.0034,114.7178,120.937,40.4397,45.7831,58.3442,68.844,70.0123,89.5814,95.5321,112.4999,118.8705,20.7034,21.4309,23.7324,29.2004,28.0871,35.8006,37.7028,62.6894,62.37,68.09,74.37,79.13,85.38,91.79,102.61,116.52,128.52,1,3,2,4,1,3,2.5,2.2,2,1,5.8333,5,3
"3066","10003066",66.0941,78.4889,106.7174,114.9018,138.9353,128.0721,135.7913,152.8205,151.4728,36.6821,59.1225,82.1797,87.7982,89.9776,107.1608,119.3474,130.4727,135.4476,45.7464,49.7577,62.706,58.4114,68.4951,82.0676,83.4644,83.3189,66.84,72.33,79.07,86.56,90.05,98.73,109.71,121.71,133.74,1,1,1,16,1,2.8571,3,2.8,2,1.75,4.1667,4.6667,6
"3080","10003080",53.6586,68.4084,71.0812,93.923,103.4518,112.5338,132.8739,141.6351,147.6023,34.0623,45.5211,50.6029,63.6571,65.7878,86.3159,110.4932,125.0635,129.788,27.8159,32.8529,39.6736,46.1204,54.3384,66.7886,67.6667,81.9556,62.89,68.45,72.82,79.86,85.15,91.59,102.87,115.86,127.92,1,3,1,11,1,2,2.5,2.4,1.8,1.25,4.1667,4.3333,5
"3089","10003089",56.3768,68.4618,70.6095,102.9378,106.9999,116.5975,132.5011,132.1184,154.3517,31.5402,58.2099,61.3774,81.1911,93.7147,112.126,122.4981,122.5849,130.0343,28.2823,28.9198,35.3678,38.9082,51.4879,67.5119,78.564,84.5198,64.24,70.13,76.14,81.9,88.11,95.05,105.6,116.61,129.6,1,3,1,8,1,3.2857,3,3.2,1.4,1.25,4.6667,5.5,1
"3128","10003128",48.5142,59.1752,74.2075,104.5458,119.5582,134.6558,135.695,148.3633,155.6242,38.3434,54.0474,63.4006,79.592,97.5408,122.2439,119.4092,135.6602,137.9915,35.9846,55.5758,44.7762,61.7261,59.5168,69.4242,76.639,85.8344,62.83,69.04,75.02,80.94,86.93,93.9,104.48,115.5,129.44,1,1,2,17,1,3.1429,4,3.5,1,1.25,5.3333,6.2,5
"3158","10003158",51.9474,70.985,82.3299,96.3236,103.4415,119.9849,129.4783,146.0764,151.9748,35.5822,54.2418,70.2494,68.2223,97.5046,109.9551,124.0394,123.8725,131.348,31.3465,30.4209,39.2915,51.2953,54.6671,52.6513,61.9582,76.6786,66.81,72.79,78.51,84.92,91.13,98.04,110.1,122.1,133.18,1,5,1,10,1,3.5714,3.25,2.8,1.6,1.25,6.5,5.6,6
"3273","10003273",63.6432,96.1682,107.4439,104.9115,107.5189,122.3022,126.5058,145.7729,149.1037,46.8232,52.0913,55.8334,63.0588,67.0791,89.3688,110.8626,111.1711,121.9627,33.8523,39.123,37.9951,41.652,51.5037,52.448,76.0744,69.3806,69.14,74.93,80.71,86.63,92.68,99.06,110.17,123.06,133.15,2,3,1,13,1,4,3.75,3.8,1.2,1.25,5.8333,6.5,6
"3277","10003277",53.7001,68.3552,87.6278,103.8806,113.6363,111.6201,125.0877,142.2843,134.8902,31.6527,52.7511,64.5822,70.6926,77.5201,87.8801,100.7673,123.9412,130.0968,42.3188,40.0167,55.0315,57.2888,59.9643,58.1787,66.7499,73.4594,67,73.38,79.63,86.04,91.86,98.01,110.3,121.28,134.3,1,3,1,16,1,3,3.25,2.75,1.6,1,4.6667,4.5,8
"3304","10003304",46.1967,54.07,61.9762,88.4639,103.6892,120.9926,129.7519,135.1305,153.0416,19.4727,31.0346,43.4135,54.0497,66.4371,75.8587,93.0365,106.1816,103.3677,37.8126,40.2572,45.7479,56.464,58.8172,70.5443,71.5125,78.2802,60.79,66.77,72.53,78.94,85.12,92.02,104.09,116.09,126.18,1,3,1,5,1,2,2.5,2.2,2.2,1.5,4,3.3333,6
"3342","10003342",49.7349,70.17,78.5902,108.9265,109.3611,128.2611,141.8952,151.4,155.8857,37.1693,62.8466,84.6626,101.7908,100.9099,120.2926,134.5196,140.506,143.8255,39.4383,51.4528,56.0279,56.8722,64.7537,70.3718,78.2399,89.1131,70.55,77.26,83.21,90.12,95.57,101.88,112.96,125.85,136.93,1,1,1,12,1,3.2857,3,3.6,1.6,1.75,5.6667,5.8,6
"3362","10003362",53.6748,74.1775,74.8295,98.7876,109.3774,114.2514,125.8094,149.228,152.567,37.4366,51.5811,60.7309,84.6055,96.376,114.6445,124.1178,131.7047,138.7692,37.3022,52.6697,60.3433,56.0183,71.7551,80.8041,74.1744,87.1632,68.22,73.51,79.56,86.89,91.89,98.37,110.37,121.48,133.48,1,1,3,16,1,3,4,3.8,1,1.25,4.8333,5.5,8
"3492","10003492",94.711,99.0952,106.0167,116.6992,121.1292,120.4516,131.4762,146.4514,156.8242,46.7869,65.6758,70.146,81.4588,101.3036,111.4086,128.2386,133.941,136.4524,33.7139,41.4262,42.872,46.0063,54.9772,68.4761,75.4397,87.0519,64.21,69.57,75.09,81.01,87.19,93.4,105.17,116.22,128.22,2,5,1,17,1,3.7143,3.3333,2.6,1.2,1.3333,6.3333,5.6667,6
"3509","10003509",98.6367,104.0984,114.3802,116.6823,128.6106,137.0314,146.3467,152.4758,154.2701,51.3882,60.5376,66.9279,76.3053,101.0925,100.9383,122.2848,124.6098,126.3236,44.448,50.6376,58.108,65.2044,68.0927,77.3596,82.1078,84.572,69.7,74.53,79.36,85.15,91.53,97.55,109.61,121.55,134.5,2,1,4,16,1,3.4286,3.5,3.2,2,1.25,4.6667,5.3333,6
"3510","10003510",67.0462,74.091,80.4089,96.8678,108.2504,102.213,112.1214,130.8966,141.0307,36.6339,45.6791,52.594,60.9717,69.815,77.5296,95.0138,114.0955,100.8916,29.2959,30.4675,38.1058,44.1478,42.166,59.5298,60.3307,71.3975,72.62,77.62,82.49,89.42,94.62,100.9,111.45,123.45,135.45,2,3,1,16,2,2.5714,3.5,3.4,1,2.25,3.6667,4.8333,8
"3520","10003520",55.4901,74.5422,100.4672,112.4228,121.3798,119.3136,124.0248,144.913,148.5108,32.1527,44.476,60.5797,80.4681,89.8174,99.9286,116.074,125.4266,142.4896,26.2177,46.6431,54.6187,55.2814,64.0292,76.1366,80.8631,88.7693,60.92,66.48,73.22,78.97,85.78,91.27,102.35,114.35,127.33,1,3,2,7,1,3.2857,3.5,2.8,1,1.5,5.8333,5.1667,5
"3563","10003563",44.5653,51.8147,61.1741,73.625,71.8739,90.4436,108.2676,109.3819,126.5909,27.3101,31.7285,41.5747,56.3553,54.7456,77.6985,88.7633,108.3752,108.031,29.3513,37.0543,35.0271,44.5053,43.3976,61.0864,57.1215,70.9905,70.68,75.55,80.81,86.76,92.05,98.7,110.76,121.74,133.71,1,3,1,6,1,2.7143,3.75,3.4,2.4,1.5,2.8333,3.8333,3
"3605","10003605",52.9923,60.693,73.6688,90.1297,104.3583,115.4696,111.3562,116.6141,123.8236,30.2404,47.4692,52.6596,58.8798,68.9477,72.4548,79.0273,89.4981,96.9581,29.1774,26.037,28.9941,35.7456,45.0457,47.5619,45.8184,45.7424,67.99,72.79,80.28,85.08,91.99,97.05,109.91,120,132,2,2,1,17,1,2.8571,3.25,3,1,1.25,4.8333,5.25,5
"3651","10003651",46.6365,65.1222,73.5755,90.1726,100.8815,117.4744,130.8826,127.0631,145.0611,18.718,48.4731,59.7988,77.3613,84.3707,99.1067,107.1573,126.5118,129.9264,40.4665,35.7788,43.9537,52.3797,60.7927,68.4037,77.9017,76.0919,72.46,77.75,85.45,90.28,96.62,101.49,113.49,126.41,138.38,2,3,1,4,1,2.7143,2.3333,2.4,1,1.6667,4.1667,4.3333,3
"3688","10003688",49.4676,62.8912,65.7624,90.1683,95.2475,99.1833,120.9665,118.6455,147.7991,32.7338,56.129,46.9391,63.3474,65.7565,75.6182,95.2414,94.5273,103.7105,27.4873,28.1496,43.5595,34.4955,42.1389,56.8777,59.0491,70.6513,67.17,72.39,78.41,84.92,90.31,96.76,109.61,120.59,132.59,1,3,2,4,1,1.5714,1.75,1.2,3.4,1.25,1.5,3,2
"3718","10003718",62.626,81.7334,106.7014,111.0577,137.4153,145.1935,149.1487,149.2223,158.4134,50.2589,62.988,75.5721,84.9164,101.2102,101.0316,121.4124,127.4884,141.9544,50.0072,52.4601,57.0057,56.4794,78.2734,79.3287,83.2396,89.8068,69.53,76.18,83.34,89.72,94.55,101.52,113.29,123.35,137.26,2,1,2,15,1,4,2.6667,2.6,1.25,1.75,6.1667,6,8
"3723","10003723",53.8837,53.8796,62.9572,88.9158,103.2561,103.891,102.1305,121.7591,124.5086,28.1739,45.2528,50.8364,62.0546,63.8965,69.439,83.9678,84.8295,85.1528,24.578,27.4462,28.4663,35.5826,33.8578,41.8611,44.5977,48.67,72.95,78.48,84.53,90.87,96.39,102.61,115.2,127.13,139.2,1,5,2,15,1,2,2,2,2.6,2,2,2.3333,8
"3727","10003727",51.8573,56.4914,65.8387,80.7526,91.1329,104.2906,116.2117,125.851,132.148,41.3481,46.9755,51.7882,68.7295,62.4839,72.2518,99.4978,123.4932,128.7615,33.7824,31.0349,39.3469,43.2304,43.9567,60.5282,62.4298,58.7911,77.33,81.47,87.32,93.73,98.96,105.67,117.8,129.86,141.83,1,2,4,16,2,3.1429,3.25,3.6,2.2,1.5,2.1667,4,6
"3735","10003735",66.9418,95.9193,105.4153,107.3582,125.1299,125.4521,117.6358,139.0969,151.685,33.1983,62.2678,56.0905,72.5188,79.5887,95.5682,95.6515,117.265,126.4206,32.399,32.3391,40.5279,43.0464,56.6331,59.2811,70.6229,77.2905,61.68,68.12,73.18,80.05,85.61,91.86,103.79,114.81,125.88,2,5,1,15,1,4,4,3.6,1,1,5.5,6.5,6
"3736","10003736",51.9237,66.0295,69.2939,87.7759,92.6198,106.5684,117.5082,121.5257,130.3311,30.1811,44.9806,50.3674,67.0021,67.9258,76.3614,98.1743,111.9326,120.9921,34.9982,34.3099,39.7697,48.1253,53.1205,60.1929,50.1847,72.1589,68.09,75.65,80.55,86.93,91.73,98.7,110.27,122.17,135.19,1,2,3,18,1,3.2857,3.75,3.4,1,2,5.6667,6.1667,5
"3772","10003772",66.657,77.7569,86.9332,109.4318,121.0267,126.1796,146.5873,140.8876,156.3095,51.1909,57.1089,76.6332,85.8935,96.5043,100.7719,123.1625,129.4385,134.7336,47.4548,55.2438,54.8911,59.277,67.2478,78.8037,84.7214,90.0882,69.17,75.81,82.03,86.33,92.91,99.35,109.81,121.84,134.83,1,8,2,17,1,3.7143,3.75,3.6,1.4,1.25,5.6667,6,8
"3810","10003810",38.8591,61.2794,64.3892,87.1163,101.0267,109.2741,115.2383,131.158,123.9158,20.5839,35.9929,49.4031,65.1802,72.1649,86.7076,110.2291,112.2535,116.3541,23.1916,27.7783,45.5265,41.0117,45.3631,48.7247,67.9326,69.6509,70.29,76.93,82.06,88.9,94.65,101.1,113.06,124.14,137.13,1,3,4,16,1,2.2857,2,1.8,1.6,1.25,3.5,2.8333,8
"3843","10003843",44.2389,63.608,58.4642,79.5957,78.885,96.7255,102.7817,128.2272,121.2671,24.7352,64.5694,49.2585,54.5695,61.1085,69.9706,74.89,83.4771,94.516,23.8288,23.6576,27.2563,30.085,36.5119,44.1159,41.5724,45.7685,72.36,78.41,84.16,91.23,96.59,103.04,114.48,126.54,138.54,2,3,2,6,1,3.4286,2.25,2.4,1,1.75,4.1667,4.6,4
"3911","10003911",54.0741,62.3681,70.3433,84.4543,97.8914,123.9511,112.7093,133.3084,131.3173,44.6731,42.176,50.5775,64.9425,63.0259,76.0567,97.6936,106.586,106.0701,36.979,49.9341,45.3323,45.0457,60.5293,64.5569,75.1771,80.8011,62.04,67.89,74.24,79.96,86.01,92.48,104.25,116.15,128.15,2,1,2,16,1,4,4,4,1.6,1,6.3333,6.3333,6
"3967","10003967",60.2208,87.7512,107.1602,123.8205,124.4503,129.7077,142.4677,140.3554,157.4017,55.7686,63.8684,81.1877,85.225,98.7106,119.0963,126.6146,134.9325,142.1788,38.5279,40.0868,58.1906,56.1137,64.4286,72.9493,81.4956,81.5741,62.73,69.9,74.33,81.34,88.21,94.19,104.91,117.8,127.89,2,5,2,17,1,4,4,4,1,1,6.8333,6.5,8
"3977","10003977",48.4168,77.373,86.4196,102.7381,103.1636,117.1517,133.1943,131.5238,147.1824,33.0436,51.8511,54.4982,76.2555,77.2789,93.5451,114.3963,128.9201,133.3396,32.0108,32.225,32.2815,39.0128,40.4325,48.3037,61.4627,77.1695,64.83,71.24,76.77,83.47,88.6,95.47,107.15,120.16,132.2,2,1,4,17,1,2.2857,3,3,1.6,1.25,3.6667,3.8333,7
"4164","10004164",67.977,72.4147,97.5694,106.4196,120.7078,105.4048,128.506,141.5602,151.7855,75.2441,86.7848,91.226,107.7772,106.1625,109.4133,124.2571,136.7237,142.2746,31.1937,46.4677,42.2945,53.4401,57.2189,73.8478,84.3573,89.3399,68.58,74.83,80.09,85.58,92.05,98.01,109.32,122.37,134.27,1,1,2,11,1,3.1429,2.75,3.2,1.4,1,4.8333,5,5
"4166","10004166",55.5521,63.6228,73.2918,98.7632,88.1437,96.8393,115.6164,135.3828,137.2915,31.5328,38.3225,47.656,56.2686,79.8859,105.6631,121.652,129.2767,134.1097,41.0062,38.3656,46.602,60.2565,59.4128,67.9629,71.4059,76.0313,68.38,73.64,79.2,86.3,91.36,97.61,109.18,120.16,132.16,2,7,4,8,1,3.7143,4,4,1.4,1.75,5.1667,5.1667,4
"4279","10004279",58.5272,95.9006,101.2576,110.5467,133.0628,133.9657,125.6385,143.1355,152.0552,47.1483,60.5723,70.9014,73.2953,92.8416,103.7331,117.8806,127.2646,133.0757,38.4969,39.6469,42.0877,49.1638,50.8137,71.2709,76.4518,88.4874,69.63,76.14,81.63,87.98,93.73,100.41,111.98,123.02,136.93,1,1,3,9,1,3.4286,3.5,3.6,1.4,1.25,5.6667,5.6667,3
"4321","10004321",49.7815,63.8144,89.745,110.5577,112.3618,127.1791,131.0244,134.3436,149.3685,35.785,51.4184,56.0208,67.4704,70.3949,94.8593,114.2439,118.5869,121.2083,32.2585,35.3071,39.8702,46.5862,61.9268,67.5859,75.6181,79.7403,69.63,74.76,80.78,87.19,91.56,98.63,110.47,122.43,134.43,1,1,4,17,1,2.5714,3.5,3.2,1,1.25,4.1667,4.8,4
"4367","10004367",49.789,70.2552,87.0226,108.8994,106.1703,106.6056,120.607,127.7092,127.8142,36.5254,56.1819,46.9391,67.8023,73.6802,90.1648,115.955,109.1196,116.7787,30.4879,33.3769,33.5202,38.3489,41.5158,52.668,62.4101,64.2637,63.78,69.8,75.52,81.76,87.52,93.67,104.94,116.91,129.93,1,1,2,17,2,2.5714,2.5,2.4,1.8,1.25,3.5,4.6667,3
"4431","10004431",45.746,59.0641,68.1779,94.3938,97.747,117.8088,131.0603,138.9991,128.4363,30.4505,46.247,46.1247,70.0847,75.4983,94.3949,100.3072,107.1445,121.7708,34.6366,29.6339,39.2414,42.8836,49.7916,49.7673,68.9688,74.1891,64.08,71.11,75.72,82.59,89.49,95.47,106.19,119.08,129.17,2,1,2,17,1,3.7143,3.5,3.8,1.2,1,6.3333,6.5,8
"4482","10004482",56.2654,83.5483,90.2284,103.834,103.5704,105.6575,119.0713,122.7133,118.264,37.2843,40.5303,55.6775,66.6399,70.656,83.1491,82.1736,96.0144,103.8326,30.9634,28.7235,36.2327,40.3943,53.0734,46.474,63.7137,80.0349,64.77,72.99,78.9,83.8,89.46,95.7,107.54,119.44,131.44,1,3,1,10,2,2.2857,2.75,3,1.75,1.25,3,4.1667,3
"4560","10004560",44.4877,56.9601,61.7308,68.2606,72.0581,81.7558,103.8975,106.2744,109.2755,25.4183,44.4313,45.4489,57.2567,65.486,82.469,90.4213,101.9073,102.033,32.9612,29.215,34.8002,39.6442,45.6425,50.1385,56.1721,63.5364,72.66,79.07,85.25,91.69,97.51,103.66,115.96,126.94,139.96,2,3,1,3,1,3,3,2.6,1.8,1,4.6667,4.8333,3
"4619","10004619",61.0935,73.2487,75.6231,87.5046,89.7877,100.7865,105.8308,119.3463,131.8898,37.2313,37.8785,47.7859,45.9413,55.7806,62.3004,70.5589,73.1089,78.9375,39.3615,32.6961,30.3,45.8551,40.4161,45.9804,57.3648,67.7643,68.32,72.76,78.02,84.82,90.35,96.62,109.38,119.38,131.38,1,3,1,11,1,3.2857,3.6667,3,2,1,5.1667,5.6667,5
"4622","10004622",48.9318,69.8742,82.0065,100.4424,123.599,125.6723,130.4818,152.5926,151.4728,34.8929,45.1673,54.9243,69.9039,71.4782,82.6141,95.1603,111.8111,121.0635,36.2471,29.2371,47.0567,54.9454,56.4544,66.4592,74.4123,80.5273,71.18,76.44,82.92,89.1,95.08,101.03,112.64,125.59,137.59,2,3,4,3,1,3,3.6667,3.4,1.2,1.25,4.8333,4.8333,2
"4651","10004651",39.3761,52.4214,44.2031,67.3692,83.8991,103.4931,104.2193,103.3864,128.0178,29.1763,47.5648,47.2575,61.6344,53.9882,69.707,89.9401,96.5415,109.4695,24.3904,19.6802,27.1309,25.4444,36.3134,59.4061,72.6473,71.5607,71.18,76.73,81.14,88.14,93.44,99.88,111.16,124.18,136.18,2,3,1,4,1,2.4286,2.5,3.2,2.8,2,2.6667,2.8333,3
"4734","10004734",51.8687,64.0779,69.2723,88.7899,101.5799,108.488,102.48,127.276,142.3637,45.5053,54.1398,62.2829,74.5487,82.4621,99.4426,106.4363,122.0418,135.038,32.8551,29.0824,34.6469,43.3447,47.5936,52.2235,57.6554,76.4153,61.74,67.3,72.59,78.12,84.26,90.54,101.52,114.54,125.52,2,5,1,17,1,2.8571,3,2.8,1.2,1,5.6667,5.1667,6
"4769","10004770",45.0124,60.8223,71.643,105.5258,91.1111,112.0957,112.6457,134.7224,144.5511,30.7641,36.8759,44.3017,63.0259,63.1524,69.0763,84.2863,96.8298,110.4371,31.9942,29.1958,45.0534,37.4593,49.4035,43.8827,64.9625,83.1894,68.81,73.87,80.32,86.96,92.02,99.16,109.74,121.78,133.68,1,3,1,6,1,3.8333,4,4,1.4,1.5,5.8333,6,3
"4790","10004791",100.1939,101.9643,112.1678,117.6331,115.9033,123.1386,130.9385,136.2167,150.206,55.4164,64.9064,71.6555,84.7626,96.7249,98.65,105.7072,111.1753,137.8662,42.6348,52.3583,52.9884,59.8497,62.5762,63.9893,76.4963,84.9018,69.01,76.14,82.59,87.62,93.21,99.16,110.96,121.94,134.93,2,2,1,16,2,2,2,2,2,1,2.5,3,5
"4802","10004803",53.5888,77.7842,102.6564,116.8745,126.8989,134.7836,138.763,141.4499,146.1839,40.8326,54.8623,62.411,78.3562,90.4137,108.5754,121.8262,119.5527,128.0965,34.4048,46.7382,53.7452,56.3489,65.3319,67.1787,76.0568,80.6784,66.25,73.45,78.48,84.82,91.3,97.08,109.08,120.2,132.16,1,8,1,16,1,4,4,4,1.2,1.25,6.8333,6.8333,5
"4810","10004811",61.6775,75.8334,78.3392,106.0114,112.556,126.489,138.3791,132.2757,134.2162,76.2586,97.6093,97.9155,103.3551,112.2991,127.7069,139.2416,143.3526,141.616,47.1559,47.8774,58.8788,52.8946,64.81,70.335,76.7989,83.298,74.24,81.57,88.31,93.3,99.78,106.26,115.4,129.3,140.35,1,1,2,17,2,3.1429,3.3333,2.6,1,1.25,6,5.6667,6
"4856","10004857",43.3907,58.3486,58.8052,66.3463,68.0704,74.3969,124.2197,112.4264,130.3331,17.4396,29.8973,45.8396,58.6007,57.1162,69.1695,66.8246,84.354,86.6619,21.2477,24.0612,29.118,35.0827,39.2071,45.8898,51.4468,55.6895,71.34,76.21,82.45,88.21,93.7,100.14,111.91,123.95,135.02,2,3,2,12,1,3.8571,3.75,4,1,1.25,6.2,7,3
"4858","10004859",39.8035,59.8915,89.1516,97.8769,99.6895,111.4159,114.925,127.0466,135.0217,25.381,37.3081,58.6203,66.2637,69.439,101.7137,119.3474,116.9617,129.8297,20.0577,24.7031,27.2812,27.0055,38.5008,40.67,48.2129,59.2922,65.82,72.1,78.02,83.74,89.69,96.69,107.51,119.54,132.46,1,3,1,4,1,1.8571,2,2.4,3,1,3.1667,4.3333,1
"4870","10004871",50.517,72.8194,82.5679,101.3431,96.4133,104.5041,107.9413,133.3529,138.4785,34.9881,41.3397,49.8581,65.2242,69.671,76.4362,87.2978,98.0171,93.9443,29.5825,32.1749,31.926,43.6496,42.7286,41.9593,52.1476,62.5464,71.15,77.79,82.55,89.19,94.68,101.62,112.01,124.04,137.03,1,2,4,8,1,2,2,2.2,3,2.5,3,3,5
"4895","10004896",51.511,84.9437,98.6415,113.6474,112.8394,112.7505,117.9183,130.0147,147.0786,34.5188,60.0035,58.7133,68.8494,75.9359,99.5357,102.592,119.0023,127.3881,33.4665,32.3003,38.5292,52.0576,57.0928,60.5539,66.8088,75.7352,64.87,70.16,75.65,81.6,87.78,94.06,105.8,117.76,128.81,2,5,1,7,1,3.4286,3,3,1,1.25,5.3333,5.8333,2
"4949","10004950",58.5945,86.0222,96.6354,118.5919,125.1299,125.1186,142.5049,152.1729,156.8126,37.266,56.3143,60.0924,76.834,79.4669,98.0929,121.5431,120.5832,122.8039,39.1768,47.8856,61.8653,54.6001,61.8715,72.7133,75.7849,86.6798,72.76,78.94,84.72,91.13,97.58,103.66,115.66,126.64,138.64,2,1,2,13,1,3.7143,3.5,3.75,1,1.25,5.6,6.2,6
"5038","10005039",54.2164,64.5632,65.8966,99.9858,117.4461,123.4058,127.5402,122.8855,150.7668,35.2235,54.6861,66.5187,72.5246,89.4865,95.297,120.9505,124.7389,130.1932,45.8505,43.9925,49.4489,52.7452,61.8059,68.4458,69.2714,74.1173,72.1,77.39,83.87,90.05,95.97,101.98,114.48,126.54,138.54,1,1,4,18,1,3.2857,3.5,3.5,1.6,1.25,4.3333,4.6,6
"5041","10005042",57.1393,69.6604,75.5059,109.0133,108.2019,114.9636,119.2686,143.002,150.4506,35.1089,51.5974,62.4562,84.6555,84.6555,102.4611,123.9491,138.3669,136.8779,33.2778,45.2862,50.2957,57.7608,52.7308,76.1558,83.2396,87.9368,65.13,71.34,76.67,82.16,88.57,94.55,105.86,118.92,130.82,1,3,2,17,1,3.2857,2.75,3,1.2,1,5.6667,5,8
"5044","10005045",65.9194,74.925,76.039,105.8687,104.9953,119.7686,122.0807,135.338,142.5466,30.7655,41.6661,54.2679,71.7186,68.2763,83.9174,113.731,127.3399,122.5021,22.3774,25.4584,34.466,36.2267,52.0275,61.9337,71.0223,77.9266,69.9,76.77,80.42,86.27,91.69,98.43,111.42,121.38,134.43,1,3,2,5,1,3,3.25,2.8,1.2,2,4.6667,5.4,1
"5061","10005062",51.3495,63.7733,64.8172,71.8604,78.4227,88.5139,106.1452,113.5771,105.5387,26.2458,43.1317,48.544,52.3974,71.0543,73.3928,90.8599,97.57,96.787,23.8481,19.7298,27.3152,31.5928,35.5991,39.154,52.9214,49.6759,66.64,72.85,78.77,84.49,90.51,97.45,108.3,120.33,133.25,1,3,1,2,1,3.8571,2.75,4,1.6,1.5,6.1667,6.5,3
"5089","10005090",46.4771,44.5491,60.5134,60.6193,76.3667,88.5389,100.5774,111.7904,114.9333,22.4096,30.074,38.1137,53.78,60.493,64.3641,75.755,75.3409,90.8776,22.0559,24.9359,28.0801,32.1166,27.0529,48.1488,53.9333,52.3162,59.51,65,71.7,78.08,83.64,90.08,100.41,112.47,123.48,2,3,2,3,1,3,3.5,3,1,1.5,6,6.1667,3
"5159","10005160",100.7565,124.2405,109.6825,123.1613,130.0198,128.3888,139.6279,150.3674,157.9628,65.5561,71.6212,84.7983,111.6264,109.3849,125.4048,130.8004,134.721,137.9627,51.7993,51.0426,56.5831,67.4302,74.2424,75.0317,87.1379,89.592,70.26,74.04,80.65,87.29,92.78,98.76,111.09,123.16,134.1,2,1,4,18,2,4,4,4,1,1,6.6667,6.6667,8
"5186","10005187",62.0101,78.6497,98.0746,107.3046,126.1289,134.0796,130.2506,140.7406,154.5249,79.1947,86.2393,99.3495,100.5569,107.2947,123.3687,133.6117,136.4471,145.2993,38.7741,41.3145,55.5267,57.5069,67.6462,76.6327,83.8387,89.6468,69.99,76.67,80.75,88.14,93.86,100.93,111.62,124.57,136.64,1,1,2,18,1,3.8571,3.5,3.4,1.6,1.5,5.5,6.5,8
"5267","10005268",56.7868,81.984,72.2357,109.8189,115.9823,123.8943,141.4018,145.4557,153.2684,60.1146,65.0303,80.4314,90.4597,103.0178,109.1462,121.0715,134.0354,140.93,38.4647,48.4305,47.2569,48.8306,53.5331,69.2159,74.4984,77.1664,74.33,80.12,83.74,91.86,97.78,104.25,115.36,127.36,138.38,2,1,4,12,1,2.5714,2.6667,3,1,1.75,5.6667,5.6,5
"5280","10005281",68.1642,96.0789,120.4915,110.7992,118.0129,135.15,134.6242,139.3105,141.3327,43.8963,43.0066,61.9519,70.828,78.7155,89.0887,110.4433,114.9117,125.6312,32.8315,37.245,47.4274,45.5528,58.2084,67.9477,72.0278,76.8021,68.94,75.58,81.17,87.62,92.84,99.52,111.16,122.2,134.1,1,1,3,15,1,3.1429,3.5,2.6,1.4,1,4.8,4.6,6
"5286","10005287",64.9375,70.5815,71.8901,81.0616,66.6206,79.4205,84.7496,89.1974,102.7855,38.5271,60.5599,60.0208,72.8047,74.6726,84.8412,88.9596,95.5434,113.0981,43.9716,39.0901,48.6516,50.4723,49.7611,52.8456,58.9247,67.8854,77.75,84.53,89.36,96.03,103.13,108.95,119.51,132.49,143.47,2,1,4,9,1,3.1429,3.25,3.2,1.4,2,5,5,2
"5319","10005320",51.9445,53.4339,68.7632,82.3299,86.4921,108.6232,121.3743,124.0353,133.88,19.9626,51.977,56.8428,70.4145,79.7702,95.3808,104.6387,110.3643,118.3869,38.3759,37.6625,43.9478,43.7488,39.2743,54.9045,72.1257,76.1765,71.97,77.98,84.56,89.88,95.67,101.85,113.1,125.06,138.08,1,1,2,18,2,2.2857,2.75,2.5,1.4,1.75,5.6667,3.3333,8
"5383","10005384",69.702,85.9343,95.2614,102.1114,114.0275,117.2932,131.1799,132.7824,140.1196,35.025,56.0472,62.0421,68.3602,85.369,94.7996,107.1743,123.1783,126.1469,26.1116,35.9095,50.6445,45.8069,51.4844,66.031,70.9421,78.9537,70.16,76.24,80.55,86.96,92.25,98.93,111.65,122.7,134.66,1,3,4,5,1,2.8571,2.75,2.2,1.8,1.75,6.3333,6.2,3
"5391","10005392",51.4837,64.0476,73.8273,95.0018,113.1177,112.6171,119.0609,132.1047,142.8219,38.6426,44.8278,52.7557,65.9862,61.1831,88.6137,103.8783,110.9496,122.9045,33.5191,34.2277,45.1589,47.9116,55.5021,62.7635,69.3839,80.0664,72.26,77.65,82.88,89.29,94.59,100.8,114.05,126.05,136.08,1,1,2,10,1,2.5714,3,3.4,1.4,1.25,4.3333,4,3
"5400","10005401",43.9108,58.1628,63.7715,79.1821,94.1694,109.2632,115.4065,122.9128,133.2252,20.0554,32.8527,45.6204,56.3818,65.7513,73.145,89.2986,82.7475,103.5163,33.1813,21.0424,40.0868,38.0256,44.4495,57.6863,72.1158,69.2714,60.43,66.25,71.47,79.79,85.55,92.61,104.52,115.59,125.56,2,3,2,15,2,4,3.6667,3.4,1,1.25,6.3333,6,5
"5409","10005410",55.8631,66.9766,76.0358,89.1642,98.8656,110.4535,110.2991,122.2699,120.8277,35.1224,47.4601,60.0924,65.8947,70.479,76.5862,91.2976,100.2003,115.6461,31.8847,37.0345,32.6727,39.3813,48.8124,52.7505,59.6139,61.4595,66.61,71.38,78.97,84.46,89.79,95.51,108.49,120.49,130.52,2,7,3,2,1,3.1429,3.25,3.4,1.4,2,5.8333,5.1667,4
"5439","10005440",64.0779,69.0045,96.6402,113.7256,123.0476,127.3469,130.9705,129.0207,145.1102,43.1031,52.9623,72.5246,83.7905,87.7423,108.2473,107.7771,107.4676,126.8218,35.7314,48.0485,54.0465,61.3175,62.5803,72.7893,73.8985,86.2953,61.84,68.02,73.78,79.82,84.79,91.92,102.08,116.02,127.04,2,3,2,16,1,4,4,4,1,1,6.6,5.8,5
"5456","10005457",55.2846,64.8467,77.3832,110.7388,122.7347,117.3612,127.7936,148.0919,147.8128,39.3343,50.1829,66.3188,71.5039,73.9364,77.0134,114.2825,119.3275,125.37,39.2176,47.4515,56.6408,58.72,61.1729,74.8198,81.7407,86.5859,70.16,75.65,82.75,89.16,93.99,100.31,112.01,123.98,135.98,1,1,2,17,1,3.7143,3.5,3.2,1.6,1.25,5.6,5,8
"5491","10005492",59.4433,80.7966,95.676,106.7866,105.8898,122.712,115.8598,139.6431,149.1072,35.4711,51.502,62.9123,69.7762,71.9255,96.5243,108.4911,110.6593,127.6407,33.1434,30.5971,36.8144,39.5298,47.004,58.3905,67.5203,79.3469,59.54,64.11,70.19,76.37,82.55,88.24,99.55,113.52,124.57,1,1,2,15,2,3.4286,3,3.6,2,1,5,5.2,8
"5517","10005518",51.5081,50.1867,84.283,101.0217,114.3858,115.7117,128.5817,144.8195,155.0036,26.7009,40.6417,65.7331,65.1466,69.5273,103.9972,108.8467,115.1163,131.4751,20.5737,30.0402,32.5117,37.3034,49.7307,51.2787,68.2607,77.201,67.46,73.48,79.69,85.68,91.17,98.33,107.28,121.25,134.2,2,3,1,10,1,3.4286,3.5,2.8,2.2,1.25,5.6667,5.5,6
"5531","10005532",70.74,81.2057,86.775,114.3074,122.0574,130.2273,133.6632,135.3716,146.3945,51.6439,69.406,75.2258,85.7738,104.6312,103.6681,113.0122,128.1772,133.5187,38.1824,42.3445,56.4966,63.27,60.8678,65.8482,70.0032,88.2387,72.72,79.96,84,90.02,96.89,103.13,114.38,127.36,140.42,1,1,2,16,2,3.1429,3,2.5,2,1,5.3333,5.75,8
"5573","10005574",52.218,67.7194,69.1523,92.4059,103.2304,114.8064,128.178,132.5383,149.4502,44.9469,55.8406,47.0664,67.6575,70.2689,85.5061,95.931,107.6712,114.2886,47.3324,49.112,50.1811,49.5078,65.7668,70.8553,74.1271,86.1506,74.4,79.23,84.95,90.64,96.72,103.17,117.07,128.05,138.15,2,1,4,16,1,2,2.6667,2.6,1,1.25,4.2,4.8,6
"5584","10005585",52.9844,65.1142,100.8565,97.2679,121.5108,110.1741,114.0785,136.8487,153.6451,26.6194,46.1156,50.7601,70.3612,81.8952,88.9036,94.4012,124.4785,132.6376,27.2067,23.3741,40.9136,41.2894,42.9155,52.5899,65.4426,83.2117,61.71,67.76,73.91,80.09,85.61,91.86,105.34,116.38,128.32,2,2,2,16,1,3.2857,3.25,3.4,1,1.5,6.3333,6.1667,8
"5628","10005629",58.007,67.1709,75.8526,100.7365,108.8723,117.5368,138.6349,147.8622,149.9981,38.0873,50.0492,53.9976,70.6026,85.7014,94.8155,112.8812,118.1789,122.3224,44.3908,49.4422,53.9637,64.156,62.5165,76.6279,84.8316,89.7286,71.31,77.36,83.31,89.72,95.24,102.15,114.18,125.26,137.23,2,1,2,17,2,3,3,3,1.2,1.25,5.5,5.8333,8
"5655","10005656",41.0064,57.2435,74.2704,89.042,94.1603,99.0023,104.1732,107.414,110.8663,20.3401,55.3422,57.7399,64.4693,62.2101,70.5941,114.575,109.8373,104.7405,22.7332,23.8758,19.4585,23.8823,33.9713,39.5034,44.1958,68.2439,68.48,74.47,80.98,87.55,92.15,98.86,110.6,121.61,135.52,1,3,2,5,1,2.8571,3,3.25,1.6,1.25,4.8333,3.8333,2
"5659","10005660",49.7386,66.1422,69.9633,82.1341,92.9107,125.209,133.0702,138.1252,144.013,21.7617,52.2875,60.1986,69.3041,80.5685,101.1209,106.5753,126.141,127.6137,26.7512,29.0214,41.9386,43.9017,65.6894,61.7215,69.802,87.5164,67.89,73.45,79.5,85.87,90.61,98.89,109.38,120.36,133.32,1,3,1,10,1,2.5714,3.25,2.8,1,2,5.5,6.2,5
"5709","10005710",62.4166,71.6483,74.3125,92.4237,91.3163,111.6146,116.5181,111.6292,133.2136,39.5508,66.6874,70.5463,84.7876,88.8584,105.6143,117.3272,122.8039,132.3363,38.1556,45.986,58.843,50.2324,58.6963,67.2662,67.67,72.3445,66.21,71.34,77.03,83.74,88.14,95.21,107.93,119.01,131.97,1,1,4,17,1,3.8571,4,3.8,1.25,1,6,6.2,3
"5797","10005798",52.5856,63.4459,71.5258,87.3776,90.9022,100.7115,111.5742,122.1522,112.5371,40.8721,51.4068,57.378,75.8927,73.7754,95.3927,113.7534,116.6963,116.8752,25.7888,29.7607,34.2637,41.457,38.4068,60.6328,55.8295,73.5414,66.12,71.34,77.33,83.87,89.26,95.74,107.57,120.46,131.51,2,3,2,8,1,3.1429,2.5,2.75,1,1.25,5.1667,5.1667,6
"5805","10005806",44.6633,64.8881,65.3288,80.0711,77.3595,97.901,104.9551,117.4517,113.5112,26.8394,53.4023,57.1937,67.7486,69.7153,88.291,92.6979,114.573,114.4126,28.1357,33.9813,42.8097,42.4018,50.517,66.5398,58.2269,62.6796,67.73,73.28,79.43,85.71,90.44,98.53,109.22,120.2,133.15,1,3,1,4,1,1.8571,2.25,2.4,2.2,2,2.5,3,2
"5824","10005825",56.6626,65.3731,78.79,91.3469,100.1344,117.3725,127.9644,141.9977,154.4446,41.792,57.4896,67.0233,87.0203,82.8012,110.2421,120.75,115.2883,137.618,55.2795,63.6222,67.0738,67.7154,69.1108,82.6007,81.4811,89.6362,69.57,75.52,81.53,87.78,93.47,99.22,110.79,122.79,134.83,1,1,1,16,1,3.4286,3.5,2.8,1,1.5,6.3333,6.25,6
"5872","10005873",48.4684,74.6091,72.9465,105.0215,99.3353,118.2683,130.2989,136.0588,146.9872,42.2148,62.2251,71.776,84.9737,96.8573,104.0338,112.7767,122.5909,129.6855,42.5627,34.2828,33.7736,44.6913,51.0479,45.6227,47.6376,56.3164,70.59,77.06,82.55,90.12,94.85,101.52,111.68,124.7,136.7,1,1,1,16,1,3.1429,3.25,2.6,1.4,1.75,5.5,6.1667,6
"5873","10005874",53.5434,64.7426,73.6981,93.1038,101.112,107.7068,118.9895,128.5571,130.2627,30.4719,36.7681,49.1622,53.9361,57.7934,70.8251,86.2128,104.2112,89.6628,21.7185,29.6883,35.8405,35.6522,41.1475,51.4101,55.7714,58.2362,64.41,69.93,76.83,82.52,87.85,93.37,106.75,116.81,130.82,2,3,1,5,1,3.5714,3.5,2.8,1.8,1.25,5,5.2,3
"5874","10005875",49.6331,62.3025,70.9203,72.0011,89.7195,98.176,97.7768,111.3257,116.5932,19.6792,31.3339,42.2602,53.0046,55.3183,64.7261,71.2671,88.4001,94.6286,21.6958,20.0767,22.2818,25.2579,37.4606,34.9794,38.7533,47.6724,66.61,72.59,78.84,84.79,90.25,97.45,109.38,120.36,133.32,1,3,1,1,1,2.4286,2.3333,1.8,2.8,1.25,2,2,1
"5889","10005890",60.166,64.1082,64.0325,83.9455,95.0667,106.0485,109.9073,115.1511,121.1494,44.4425,41.3524,46.0296,61.2454,66.0149,74.7331,84.4114,95.753,108.2866,30.7146,29.9222,31.5948,48.8007,49.8272,54.6737,62.2199,72.7332,62.7,67.59,72.46,79.56,85.22,91.46,102.51,114.51,127.43,1,1,4,10,1,3.2857,2.5,2.8,2.6,2,5.6667,4.8,4
"5943","10005944",69.0449,76.1683,76.5173,95.7274,96.7776,118.4613,129.4073,134.7168,147.0889,51.3719,56.2397,67.3823,76.8686,79.4275,93.5885,117.4295,125.0752,126.3527,33.529,39.0338,42.2202,49.7493,67.0633,62.9579,75.3657,79.8156,72,76.67,84.85,89.98,93.93,101.29,112.73,125.72,137.72,2,3,1,5,1,2.8571,3,2.6,1.4,1,5.3333,5.8333,5
"5989","10005990",108.0079,113.6028,117.5707,129.0143,127.8939,129.8118,144.0847,144.3436,153.2719,65.3952,66.7428,86.495,100.0339,98.4844,113.8467,131.9653,130.4067,136.9263,47.3356,55.4228,71.3984,68.12,73.5426,81.4782,87.96,89.6877,71.7,77,83.05,90.35,95.34,101.85,113.85,124.96,136.96,1,1,3,13,1,3.2857,3.5,3.2,1.4,1.75,5.6667,5.3333,6
"5991","10005992",48.8164,69.1452,64.6742,90.0012,104.4572,123.3774,130.0167,128.0794,141.0729,32.2646,43.3517,44.4335,65.1285,83.3552,107.2582,114.504,114.5831,118.2689,39.944,37.8252,52.1091,57.3413,58.2241,61.8928,68.4542,68.9756,65.56,72.2,77.29,85.58,91.4,97.35,108.39,120.33,133.35,1,3,4,15,1,2.7143,3.5,2.6,1,1,4.8333,5.3333,5
"5993","10005994",56.3792,65.6947,88.5849,108.5637,108.699,126.5565,133.202,135.2241,150.4974,45.2618,61.977,65.7252,88.336,76.0629,106.126,108.105,122.9931,128.0139,32.4706,35.4334,42.3631,46.6115,47.2971,62.7717,62.2494,67.5809,69.99,75.52,81.76,87.95,93.4,99.62,112.21,124.14,136.21,2,8,2,16,1,4,3.75,3.6,1,1.75,6,6.8333,4
"6009","10006010",56.7636,69.5652,79.3207,108.9916,114.6268,119.416,124.5149,137.4756,144.1227,48.4456,63.6826,67.5826,100.7962,101.3401,114.1235,125.6955,127.0791,138.5694,38.8652,46.3858,54.1885,59.8618,55.0784,64.7922,74.6738,84.2399,64.18,70.36,75.68,82.09,87.62,94.03,105.44,117.4,129.4,2,1,2,17,1,3.7143,2.5,3.2,1.6,1.5,4.1667,5.1667,6
"6010","10006011",44.9494,56.7819,65.3429,90.6119,95.3079,100.8315,120.4493,124.4667,136.6729,28.5684,37.4716,35.7677,65.2733,63.4463,78.0955,98.9991,117.5679,127.7928,30.2374,27.8227,33.2833,32.9741,51.595,51.5133,60.5556,69.389,61.74,66.64,71.9,77.85,83.15,89.82,103.79,113.75,125.75,2,1,1,16,1,2.1429,3,2.6,2.4,1,1.6667,3.3333,6
"6026","10006027",56.5877,80.7526,81.3056,108.8452,99.0561,115.2221,120.4472,143.7907,157.0852,60.3148,62.8391,72.8369,94.2562,99.0461,115.5327,119.6304,129.4518,135.5894,40.34,50.9419,65.6434,56.5658,67.5854,64.4186,85.6664,89.4925,69.93,75.02,80.09,87.95,91.59,98.24,111.48,123.39,135.42,1,5,1,17,1,4,4,4,1,1.25,6.5,6,8
"6070","10006071",53.3459,75.0891,79.6495,110.9312,109.2469,114.8288,124.9937,139.872,147.0233,45.9707,55.3829,53.3104,80.9918,83.928,110.1208,111.7575,117.1626,129.7595,37.781,39.2809,43.5094,50.6686,53.5021,63.795,64.9876,77.5585,66.02,72.95,77.95,84.43,89.72,96.62,108.13,120.13,132.13,2,1,4,6,1,3.2857,3.5,3.6,1.8,1.25,4.8333,4.6667,5
"6073","10006074",56.2784,61.3511,73.7362,89.9285,103.5601,113.0119,122.8666,117.2155,131.9747,33.5546,45.0143,60.8649,64.3616,80.7361,94.5614,105.8104,108.5922,120.5435,30.6999,38.5034,40.6784,47.1527,62.8814,62.7421,64.2387,76.127,69.21,73.64,81.24,85.58,93.21,99.35,108.99,121.02,134.04,2,1,2,7,1,2.7143,3.5,2.2,1,1.75,5.6,5.3333,3
"6174","10006175",51.3373,58.0521,71.7528,82.1454,94.0644,108.9103,105.2785,106.8614,118.6077,31.8881,33.8626,38.5771,64.2285,67.4624,67.3423,68.9293,71.2357,98.587,28.2281,28.8891,33.3094,37.7079,41.3326,38.7662,40.2908,44.4353,64.11,70.06,76.08,82.26,88.01,93.76,105.34,117.34,129.34,2,2,1,5,1,3.4286,3.25,3,1.8,1.75,5.3333,5.8,5
"6182","10006183",53.9226,67.103,78.2178,91.3863,99.5663,104.0672,119.7853,125.3612,145.4128,35.3555,59.0636,60.55,84.8949,84.8305,107.8623,115.7774,123.0266,126.7347,39.7123,39.4714,44.6549,45.9065,52.3298,68.4256,68.3566,77.2623,68.09,75.35,80.68,87.98,92.58,99.39,111.06,123.06,135.06,1,1,4,16,2,2.8333,3,3,2.2,1.25,5.3333,3.8333,5
"6222","10006223",51.826,63.5508,73.2085,92.2636,101.3431,110.9697,125.0982,124.5295,143.4741,36.9968,52.1964,46.136,76.7241,81.2215,101.8639,101.8057,117.3091,119.8375,29.8919,35.7445,46.9657,44.711,47.6454,52.8555,69.6878,69.6039,66.25,72.62,77.69,84.59,89.95,96.82,108.16,120.13,132.13,2,1,4,16,1,3.2857,2.5,3.8,2.2,1.25,4.1667,4.1667,6
"6234","10006235",42.8334,51.899,58.08,63.6117,73.0885,98.4618,98.106,115.4065,112.7873,21.235,32.5832,46.9641,46.3603,55.1582,68.1008,73.9019,81.0342,97.0886,22.8906,25.1552,27.6551,24.7399,34.2817,36.5489,43.7525,63.3923,65.79,72.39,79.99,84.07,89.19,95.84,108.03,120,132.03,1,3,1,4,1,2.1429,2.3333,1.6,1.25,2.3333,3.2,5,3
"6265","10006266",47.7519,75.317,76.2885,111.819,111.6201,124.9998,143.5174,136.068,147.2717,34.9948,51.1376,65.364,85.792,91.2299,100.4798,108.9874,123.0188,127.0443,42.9591,50.462,59.7072,58.4588,57.1587,78.5948,72.8883,84.1952,64.57,71.05,77.26,84.56,89.46,96.13,106.88,119.93,130.98,1,8,1,2,1,2.5714,2.5,2.2,1.6,1,4.6667,4.3333,5
"6267","10006268",69.1954,88.6643,109.1056,112.2509,114.3914,132.678,138.3791,141.7876,139.8704,67.7781,79.6645,82.0836,92.6889,98.4278,112.959,117.7604,127.3958,135.5664,43.1062,46.7446,59.2391,58.1493,69.7654,67.5506,71.8119,85.8408,70.09,76.54,82.32,88.01,93.53,99.95,110.33,122.33,136.31,1,1,4,16,1,3.7143,3.25,3.2,2,1.75,5.6667,6,8
"6294","10006295",99.2617,117.1121,113.101,123.8375,137.0948,133.1731,148.8888,148.5489,153.142,64.3385,73.2452,81.8986,96.364,110.4158,114.344,110.0583,120.7877,136.5464,43.8942,53.9361,57.3569,69.182,75.1396,78.8665,78.5687,77.0656,71.93,77.72,84.56,89.56,96.56,102.28,114.08,125.98,137.06,2,8,1,17,2,3.8571,3.75,4,1,1.25,6.5,6.1667,8
"6356","10006357",61.4133,84.1004,95.0065,112.0016,108.1426,123.3603,130.0934,141.3231,144.146,37.9198,67.3237,66.2296,79.1783,84.2358,95.7918,115.2438,127.6541,134.2544,37.9519,34.3494,46.4504,53.9913,52.1873,68.7334,72.6754,79.494,66.71,71.74,76.57,83.21,88.7,95.28,106.22,118.22,130.22,2,1,4,16,1,3.2857,3.5,3.8,1.2,2,4.8333,5.6667,5
"6367","10006368",48.6219,63.2235,68.9309,81.4652,105.1106,106.2498,108.6866,122.1522,129.9501,32.4623,53.2469,52.5519,62.7533,69.2656,88.4334,85.7373,109.3481,117.3954,21.6654,28.0187,29.2114,34.7945,49.4203,48.4124,52.8905,55.4048,71.44,77.13,82.42,88.87,94.65,100.8,112.57,124.6,136.6,2,5,2,3,1,3,3.25,2.5,1,1.25,4.5,5.5,3
"6383","10006384",49.872,66.9049,64.2779,85.0185,81.0985,92.9735,94.9662,131.8365,110.6128,28.1884,53.2445,54.9243,74.821,78.878,92.462,102.1542,120.6547,132.6432,30.1089,32.1343,38.5344,49.0286,46.6796,49.208,67.1283,64.2987,65.19,69.34,74.2,81.8,86.4,94.19,106.19,118.22,130.19,1,1,2,5,1,1.8571,3.25,2.4,1,2,2.6667,4,3
"6407","10006408",64.9513,76.4321,104.9168,111.6919,123.4967,135.5542,137.9174,152.5238,158.4363,38.955,61.2503,67.5772,81.3197,91.8229,103.4689,130.4614,132.5989,141.0447,30.6342,41.2713,45.4077,51.3215,64.9414,70.78,78.178,80.5629,70.65,74.79,82.62,86.76,91.59,98.66,111.52,123.45,135.45,2,3,2,16,1,4,3.6667,3.8,1,1.25,6.6667,6.8333,8
"6469","10006470",61.0213,63.0557,75.0518,99.6796,99.4237,106.579,126.6572,123.9619,133.1923,36.9733,47.1187,57.3076,66.1982,69.1312,86.8436,88.7001,98.9365,108.3245,30.7884,34.8232,45.9704,43.0989,48.1008,48.1349,55.5395,77.8877,63.95,68.91,73.81,80.71,85.91,92.19,103.66,114.74,127.73,2,3,1,16,2,2,2,2.2,2.6,2.25,2.5,2.6667,6
"6517","10006518",49.1712,67.3184,70.2076,96.7349,105.3995,121.4766,126.0487,122.0744,141.4002,27.7181,50.1552,57.247,88.7002,99.4304,107.5583,122.2967,133.5971,135.0612,35.9262,29.9783,34.5239,53.8332,52.8279,62.4118,82.3165,86.2815,65.95,71.87,77.42,84.46,92.05,95.8,108.76,120.79,132.72,1,1,4,17,1,3,3.5,3.4,1.2,2,4.8333,4.3333,8
"6540","10006541",53.1273,62.2835,64.1158,100.0353,115.3121,111.8356,120.8067,150.3674,147.4944,41.0391,60.4237,69.5659,81.9499,77.903,88.1376,118.2949,121.3193,131.449,34.3505,36.7079,36.9753,43.2524,50.4792,63.5082,72.1821,77.3313,61.87,66.81,73.38,79.79,85.15,91.59,103.59,115.59,126.64,2,1,2,17,1,2.5714,3.25,3,1.2,1.5,3.3333,4.3333,5
"6543","10006544",46.0658,60.1523,70.6401,107.9272,102.4165,126.0501,130.7005,142.4739,155.1547,30.907,40.8118,52.4418,82.4793,77.0891,102.1808,112.9733,123.9137,139.8627,41.4206,35.1859,50.7636,61.5932,74.2342,66.5482,85.0995,88.4615,66.44,73.05,78.41,84.99,90.51,97.41,109.22,120.26,132.23,2,7,3,10,1,2.2857,2,2.2,2.5,1.25,2.8333,2.8333,3
"6555","10006556",65.0068,67.5492,71.5364,78.249,85.0342,107.1549,132.9186,132.4776,139.3565,60.8426,59.7125,66.1851,79.1292,75.9886,102.128,109.3606,120.3328,136.0076,45.8909,41.4864,42.8763,50.229,59.615,66.8407,70.144,81.7349,60.76,64.67,70.92,77.29,81.9,90.02,99.81,113.79,125.82,2,1,1,16,1,3.2857,3.25,2.8,2,1.75,6,5.1667,8
"6568","10006569",53.7215,64.9671,84.7789,98.9437,110.3165,115.6385,117.4642,130.9306,145.428,39.7208,58.0393,71.3698,91.9279,102.9487,98.549,119.12,124.0452,136.1831,27.1227,43.8586,40.7182,47.6745,60.6751,68.878,71.978,79.2435,63.32,68.42,75.75,81.17,88.14,92.88,104.75,116.65,128.75,1,5,1,5,1,2.5714,2.75,2.6,2,1.75,5.5,4.5,3
"6603","10006604",39.813,39.4529,41.4986,52.6049,68.5082,70.7169,101.4619,118.8154,114.7261,12.4547,18.3979,31.6765,31.084,42.5396,44.4783,67.8463,89.9886,99.5626,19.9961,21.2908,24.1555,27.3327,25.7797,28.2721,41.732,46.9881,64.44,69.96,75.78,81.93,87.48,94.09,106.32,118.32,130.29,1,3,4,4,1,2.7143,3.75,4,1,2.5,3,6.25,5
"6655","10006656",48.6437,68.0043,79.3314,90.3876,100.4324,112.8005,121.4332,127.9253,146.6752,35.6404,50.0792,65.0871,70.0624,80.6355,86.2685,97.1966,120.0007,129.4118,31.6284,33.6642,37.8746,42.2616,52.4834,60.2794,64.5086,77.9996,65.19,71.47,77.46,82.68,88.96,95.31,107.08,118.13,132.1,1,2,2,17,1,2,2.25,2,2.4,2,2.1667,2,6
"6746","10006747",64.8506,70.6427,86.9616,118.501,118.4726,136.1148,133.2504,152.1587,149.1522,44.756,57.2543,65.7513,82.8637,89.9547,100.5934,113.9041,124.8113,129.0632,45.8023,53.2819,60.071,53.892,62.4156,70.7466,83.0428,88.1091,69.47,74.73,80.28,86.24,92.42,98.53,110.24,122.27,133.25,1,8,4,12,1,3.8571,3.5,3.8,1,1.25,6.6667,6.6667,5
"6759","10006760",50.4956,68.0385,72.9606,86.5123,95.5267,105.3049,111.8455,126.2358,142.3762,26.588,50.6514,49.9916,68.531,68.6587,81.2757,108.9832,119.6882,120.3746,38.3143,45.3616,56.4621,59.4268,56.3259,66.8558,75.5201,80.4649,72.62,78.61,82.78,89.65,94.92,103.04,112.6,126.51,138.58,1,5,2,16,1,3.4286,3.5,3.8,1,1,4.6667,5.3333,6
"6760","10006761",41.7725,55.646,65.0903,82.1943,85.5401,95.3079,100.9852,121.7486,115.5832,27.1235,38.7334,47.476,54.972,67.6977,70.6898,81.482,87.4587,84.4853,38.2412,39.5963,38.4699,37.6324,47.6907,56.2818,57.9878,56.5955,68.61,75.06,80.65,87.45,94.09,98.1,110.01,122.01,133.05,1,3,2,5,1,3.1429,3.25,3.2,1.4,1.25,5.5,5.8,8
"6801","10006802",50.4752,65.7213,60.9972,101.2576,105.7261,116.6201,126.3709,139.8653,152.7447,35.1106,47.884,42.6026,67.6388,70.5183,88.3959,113.5862,113.3617,121.3629,39.7537,36.7666,50.6652,52.0736,66.795,62.3363,79.8141,83.7839,70.39,76.31,80.32,87.88,93.21,100.34,112.08,124.04,136.04,1,1,4,11,1,3.1429,2.75,3,1.6,1.75,4.8333,5.4,6
"6826","10006827",40.2145,45.2749,60.5242,74.6183,85.8904,106.4249,122.9821,127.2182,133.3007,30.4434,46.2379,61.1234,79.3651,76.0629,85.8972,107.6775,121.5986,118.2249,23.1586,23.5005,37.1198,43.9463,31.6866,63.9694,73.5726,79.1766,64.37,70.42,78.41,83.44,89.69,95.28,106.49,118.55,130.55,2,3,2,3,1,3.1429,3.75,3.75,1,1.75,6.1667,5.5,1
"6849","10006850",58.1655,70.0552,78.9626,112.1068,114.9355,136.9924,140.1396,145.4861,149.6628,42.0147,56.442,62.935,85.6833,82.9297,98.6217,105.0023,113.329,122.1109,40.0868,43.9329,55.0278,55.3285,63.8526,73.6185,70.3518,80.7937,66.35,72.33,78.31,84.76,90.28,97.15,109.18,120.3,132.26,2,2,2,17,2,3,3,2.6,1.6,1,6,5.8333,8
"7046","10007047",44.189,66.3632,64.4008,92.348,86.8845,97.287,100.8281,107.2203,120.2643,29.8108,57.8396,52.2057,74.407,71.4411,89.384,103.6254,106.697,126.1235,35.6475,36.6323,48.5525,42.8068,50.909,54.3411,62.071,79.8307,67.89,74.37,79.86,86.93,92.22,98.89,109.02,122.04,134.96,2,1,1,16,1,3.2857,2.75,3,2,1,3.8333,4.4,5
"7052","10007053",41.0404,59.1381,70.8635,94.6649,99.3844,110.0702,121.8411,126.0716,134.4765,26.583,45.2798,51.2327,55.9367,73.7546,74.9455,105.2528,120.9703,133.2572,30.0793,32.3517,37.2835,43.7651,50.9784,60.4639,63.5033,71.6207,64.24,69.8,76.9,81.73,87.98,93.86,106.13,118.19,131.08,1,1,2,18,1,2.5714,3.6667,2.6,1,1.5,4.8333,5.1667,8
"7071","10007072",41.0249,63.9382,67.5514,75.9843,77.3056,98.6464,96.0346,116.8917,120.813,26.2038,36.012,43.4488,58.9386,66.3898,75.7106,98.356,99.1267,104.4393,27.4069,33.3202,42.8836,45.689,48.65,53.3686,61.0492,67.2006,65.36,71.97,77.29,83.7,89.46,96.39,107.67,118.72,132.62,2,1,3,15,1,2.2857,3,2.8,1.6,1.5,3.3333,4,5
"7109","10007110",53.8796,69.9336,77.3866,110.1468,122.0517,140.2677,143.8468,138.8424,158.527,31.5919,48.3337,66.0358,79.9224,96.5684,110.7065,118.0848,130.1327,146.569,47.2633,54.9903,58.0137,69.182,74.6524,80.3577,86.0431,89.9518,57.76,64.18,69.53,75.45,83.11,88.37,99.72,111.62,123.72,1,8,2,16,2,3,2.75,2.6,1,1.5,3.3333,5.8,8
"7127","10007128",50.3012,67.4979,85.7588,102.9071,126.4384,137.9394,148.0038,149.6124,157.6835,55.6631,68.8276,84.1933,100.419,108.8993,115.7723,134.5646,140.9788,147.7025,50.3779,54.7286,57.503,66.6441,81.8817,81.0176,87.7289,89.4521,67,72.99,81.27,86.96,91.92,98.6,110.33,122.3,134.3,1,8,2,17,2,3.1429,3,3.2,1.8,1.5,5.6667,5,8
"7200","10007201",53.7907,62.5577,74.2494,92.042,107.6584,113.1957,130.7706,130.2244,140.3041,37.6306,53.1127,55.3638,71.9514,85.1783,89.7983,109.5176,114.3882,127.417,44.5657,47.853,52.047,54.9753,61.4563,65.6353,72.0627,84.8568,70.19,76.41,82.39,87.68,93.9,100.31,112.08,123.12,137.1,2,5,2,17,1,2.5714,2.25,2,2.6,2,2.5,2.75,6
"7263","10007264",61.3055,70.9902,75.981,93.2614,95.564,117.3725,121.9084,125.2589,133.7515,50.5798,66.7824,74.7513,77.0355,90.9789,100.5975,121.1369,125.6546,119.9231,24.7574,28.7128,36.8745,38.4415,54.231,63.3344,59.8654,78.8481,69.96,75.55,79.89,86.93,92.22,98.66,110.99,123.88,135.88,2,3,1,17,1,4,4,4,1.4,1.25,6.6667,6.8333,2
"7270","10007271",42.4122,61.7877,71.2721,91.3907,106.0114,129.9487,134.7903,126.8665,145.8913,20.2012,38.1213,53.061,66.545,70.8364,97.0019,107.4761,113.8899,117.3713,29.429,31.1427,47.7118,43.7621,51.0496,63.2336,70.5677,69.8254,68.02,73.58,79.63,86.04,90.74,98.83,109.51,120.49,134.5,2,1,1,15,1,1.5714,1.75,1.4,4,2.75,1.5,2.1667,3
"7304","10007305",48.5056,64.0703,72.7912,90.0483,102.8046,109.4536,131.7832,130.2244,131.7515,31.7538,50.0124,55.8839,67.7593,75.834,88.6776,110.875,117.7904,130.7684,36.6116,36.758,45.6952,55.1817,55.6933,49.7033,69.864,76.3437,64.9,71.31,77.16,82.85,88.37,94.75,105.14,118.06,131.11,1,1,4,16,1,2.5714,3.25,3.2,1.2,1,4.1667,4.8333,8
"7362","10007363",52.5208,62.605,69.3542,90.0312,105.9215,106.6854,110.9902,124.5818,134.2828,31.1977,54.2845,60.1072,75.7846,89.947,102.9894,104.3047,129.2215,130.3481,22.8646,24.9593,36.9396,35.8809,43.4108,60.4848,64.1605,74.8376,66.71,72,77.75,83.93,89.26,96.56,108.49,120.53,132.49,1,1,2,10,1,4,4,4,1,1,6.5,6.8,5
"7387","10007388",44.866,63.4551,93.4782,94.8309,113.0676,126.219,122.4548,140.1778,153.1271,29.7495,38.6176,49.7201,63.0259,66.8406,88.1862,94.0163,110.846,127.8351,28.4389,38.1722,41.3703,46.1204,48.952,75.098,74.3488,78.7623,63.52,69.01,76.14,81.01,87.16,93.14,105.37,117.44,130.32,1,1,2,17,1,1.7143,2.3333,2.4,1.6,1.75,1.8333,4,6
"7393","10007394",53.0681,69.0759,80.0132,98.6269,104.2854,118.9725,122.0114,122.8813,148.7397,37.0983,59.3607,63.5733,78.3627,76.2462,90.1533,100.4785,114.9502,117.8245,32.7494,36.7984,44.1448,46.7938,50.5687,52.2886,63.2667,70.1759,72.99,79.2,84.72,91.73,97.74,103.5,116.02,128.05,139.1,2,3,1,17,2,3.7143,3.5,3.6,1,1,4.3333,6,6
"7424","10007425",69.6482,77.4373,96.4841,98.4715,109.2469,118.4102,124.3537,133.8915,147.3909,61.7118,82.4207,79.2634,91.7102,104.3305,106.6577,111.4006,130.1535,138.8389,33.4326,33.426,51.7006,46.9307,55.3059,47.0591,77.8176,71.1725,72.69,78.87,84.13,89.62,96.07,102.05,113.42,126.41,138.31,2,1,2,18,1,3.2857,3,2.8,1.4,1.25,3.1667,5,8
"7496","10007497",51.672,64.6118,63.6821,85.5878,95.6153,123.6217,95.8131,119.0189,133.3142,26.019,41.3397,41.7322,52.8308,67.7835,83.0933,92.3419,96.2982,109.3941,33.03,35.5591,43.5197,41.8537,55.8223,58.5921,73.2326,74.4692,66.05,70.95,77.19,83.84,89.52,95.77,106.72,118.68,130.72,1,1,4,8,1,2.7143,3.6667,2.8,1.2,1.25,4.5,5.2,3
"7515","10007516",70.8867,99.4384,107.326,123.6728,116.8745,132.2803,139.6143,150.3674,150.6548,64.1262,69.7956,87.7089,101.4538,96.2118,116.2711,129.4689,133.061,143.0502,36.6043,53.1295,53.3564,59.6931,69.2154,68.2338,73.1569,87.7512,68.05,74.47,81.11,86.96,93.11,98.89,110.43,120.49,132.49,1,3,2,17,1,3.5714,3.5,4,1.4,1.25,5.8333,4.5,6
"7520","10007521",64.6001,87.8914,103.1533,125.2543,125.7851,132.9208,135.9667,143.7907,154.7175,41.7386,52.381,54.5315,81.7414,71.6126,105.2325,118.2069,118.1088,139.9354,35.1906,46.097,59.8678,62.1176,62.6875,68.5551,73.323,87.8972,71.57,77.52,82.39,90.35,94.39,101.88,113.26,125.23,138.15,2,5,4,17,1,2.5714,2.25,2.8,2.4,1.5,3.1667,2.8333,8
"7552","10007554",51.6965,67.9816,72.4812,92.1217,100.5569,114.7166,125.9509,114.1198,127.5402,31.0346,51.8558,53.4849,71.6412,86.5207,95.5602,94.9935,106.4919,113.7921,28.5301,32.3759,32.3496,48.5278,52.2353,62.1512,73.8265,74.0847,64.01,70.45,75.52,82.39,88.41,94.82,106.22,116.25,130.22,2,3,1,6,1,3.4286,3,2.6,1,1.5,5.8333,5.8333,1
"7594","10007596",46.597,63.4643,62.542,78.9838,82.9742,100.2286,110.6594,115.3172,125.5364,27.5987,42.2991,54.0308,65.8739,55.4116,80.6757,107.544,108.9433,113.6392,36.2279,35.7812,41.9982,40.8309,56.4506,65.8968,67.628,73.0548,64.67,70.19,76.14,82.32,88.64,95.44,105.6,119.54,129.57,1,1,2,17,1,3.4286,3.3333,3.2,1,1.25,5.5,6.5,6
"7610","10007612",53.309,69.9113,82.8714,101.127,117.8825,123.9795,129.8531,124.2029,146.145,32.198,46.4691,58.3319,65.1672,74.3558,79.4603,98.053,101.4964,111.6668,35.3526,35.4451,36.5848,45.6224,54.6578,51.176,64.4619,63.4155,63.06,69.47,75.75,80.71,87.06,93.24,105.9,117.01,127.99,2,1,1,7,1,3.8571,3.5,2.8,1.6,2,6.6667,6.6,5
"7680","10007682",60.6757,77.7603,103.6324,135.6096,137.9728,135.9553,151.7192,152.5825,157.7611,48.8804,54.7432,70.5126,94.6686,96.9617,116.5501,112.7419,118.4689,132.0823,43.1179,62.4547,61.3216,69.0689,77.6051,80.0664,82.605,87.6394,68.35,75.02,80.61,87.45,92.75,98.99,110.79,122.73,135.75,1,1,2,17,1,3.8571,3.75,3.2,1,1.5,4,6.5,8
"7750","10007752",46.3996,72.2385,73.6017,81.2427,89.2233,106.6588,113.5545,114.9022,112.5514,24.0546,34.2586,55.438,48.5828,68.8167,73.8797,77.4677,88.2873,93.6137,25.8918,30.9991,27.3219,34.8037,51.0896,51.3179,62.7635,63.308,66.64,71.84,79.43,83.77,89.75,97.41,108.3,120.26,134.2,2,3,1,7,1,3.4286,3.6667,3.8,1.2,1.25,5.8333,5.6667,5
"7799","10007801",54.0659,69.7094,71.6697,85.7269,88.6392,106.2074,124.3558,130.4115,138.5359,24.0454,41.6427,54.2346,68.8904,71.5725,79.1031,94.0163,114.2399,114.2785,25.5501,42.856,43.3271,53.3091,58.3483,63.4983,74.8603,74.9396,66.18,71.93,77.23,83.64,89.42,95.57,107.34,119.38,131.38,1,3,2,11,1,2.1429,2.75,2.8,1.2,2,2.6667,4.6667,3
"7832","10007834",49.8216,57.1881,61.88,70.9022,69.5774,75.0922,82.2118,101.7526,102.744,25.5813,35.4133,45.0615,56.896,68.9067,66.7481,71.6858,94.3719,109.6221,25.0162,22.8098,26.9843,35.2849,35.9167,40.1001,40.5689,49.1449,65.23,72.1,77.62,83.61,89.16,94.26,106.42,118.49,129.44,2,3,1,3,1,4,4,4,1,1,6.8333,6.8333,1
"7840","10007842",45.8606,73.0914,78.9132,95.7414,93.2795,105.2156,116.8269,126.7961,129.145,36.389,62.5619,76.5925,80.6757,81.3163,102.2458,111.3737,120.7679,126.3721,30.3377,31.655,45.866,38.7572,58.619,64.3236,63.146,78.43,73.81,79.59,84.89,90.84,96.1,103.79,114.54,126.51,138.51,1,3,2,2,1,3.2857,3.75,3.25,1,2,5.8333,6.1667,3
"7872","10007874",65.8779,68.9167,76.9938,88.2641,99.3746,107.5297,113.6905,128.1164,142.3575,53.3081,51.8022,61.8243,77.8582,88.546,100.4758,105.647,121.2717,133.1582,36.4645,47.7085,49.1438,56.8858,62.1094,62.1741,68.6291,83.8181,75.95,80.98,87.19,93.21,99.32,105.07,116.68,128.65,141.6,1,3,1,12,1,4,3.75,3.4,1.2,1,6.6667,6.5,3
"7910","10007912",48.1549,50.8709,86.6253,102.152,98.2147,97.0723,124.5107,128.639,140.2958,23.9215,35.7557,53.9503,61.5819,78.6765,84.3991,101.2663,112.8013,122.7743,30.9247,27.4663,32.7376,33.9178,54.9397,58.3718,74.3813,75.9274,67.13,73.08,79.4,85.25,91.04,96.79,108.36,121.28,133.28,2,2,1,17,1,2.2857,2.75,3,2.2,2,4,2.1667,5
"7940","10007942",54.1768,67.7846,65.3954,78.6882,82.428,101.1069,118.0838,124.1715,137.5184,46.8346,74.7149,70.656,95.2214,98.1574,104.4321,118.4349,126.7037,136.2952,36.127,32.6048,44.0148,49.9086,63.8048,83.3716,76.5185,87.426,69.21,74.7,80.94,87.35,92.81,99.72,109.87,121.87,135.85,1,1,4,16,1,2.7143,2.5,2.6,2,1.5,4.5,4.6667,6
"7965","10007967",56.9021,71.5019,88.6643,115.3346,102.8046,107.2618,114.1033,143.0779,150.0167,45.0435,55.9463,57.6596,68.3791,73.3396,75.5905,95.7575,116.2433,121.4976,40.9979,35.9417,50.2991,48.6202,51.6425,61.427,69.6711,73.397,66.51,71.61,77.29,83.21,89.49,95.67,107.28,118.26,130.26,1,1,4,6,1,3,3,2.6,1,1,5,5,5
"7979","10007981",52.902,67.4446,70.2979,87.4677,99.8375,109.4427,111.3114,128.3585,132.8389,23.9525,39.0155,49.1897,64.9425,74.9272,79.1947,105.1254,105.5867,126.1138,32.8102,38.9344,41.7929,36.9987,49.929,59.985,72.4819,82.6078,62.17,68.58,73.87,80.81,86.56,92.94,104.75,116.81,127.79,2,1,2,4,1,3.2857,2.75,2.6,1,1,5.5,5.2,5
"8097","10008099",54.9671,90.7894,117.2989,129.6034,129.6583,133.6437,142.2547,147.4377,148.8337,34.4547,59.6017,60.1986,79.7239,80.3045,93.3443,103.3852,118.9803,115.1891,33.0354,47.0312,55.009,53.8534,62.7246,70.3065,83.5722,80.5243,64.7,70.45,76.93,83.05,88.83,95.28,106.52,118.52,130.55,2,1,2,10,1,3.2857,3.75,3,1,1,4.6667,6.8,5
"8136","10008138",54.039,71.4621,69.9286,96.5692,104.9953,116.4732,115.8848,136.8921,125.7823,34.0235,59.5648,65.8086,65.7044,81.7448,83.8575,108.5753,125.2217,123.7586,36.3086,43.0144,49.4489,51.9956,51.5722,55.6211,64.9742,62.4971,70.29,75.85,81.3,87.48,92.81,99.45,112.04,124.04,136.04,1,3,2,17,1,3.5714,3.75,3.8,1,1,5.6667,5.5,8
"8175","10008177",54.5446,64.0874,63.0162,71.955,78.945,93.7911,112.6806,122.6334,117.1298,34.3728,46.6121,58.4589,60.1838,65.2708,66.5845,80.99,105.0001,109.7893,24.0941,34.1917,45.7122,33.268,40.502,57.4692,62.1004,78.9002,74.14,79.92,85.25,91.13,96.43,104.02,114.87,126.84,138.84,1,3,2,5,1,3.8571,4,3.8,1.2,1.5,5,6.1667,1
"8178","10008180",108.3746,110.0483,107.4385,123.9511,133.6541,146.4215,144.5755,152.9663,157.3428,60.7036,54.7932,83.6006,84.2252,88.6663,107.3068,109.5448,128.9716,134.2833,42.8299,52.7542,61.892,60.8516,68.055,77.0924,79.3271,89.356,70.09,75.32,81.11,87.29,92.65,99.25,111.85,123.85,135.85,2,1,2,15,1,4,4,4,1,1,6.5,6.8,7
"8281","10008283",52.3599,66.1506,70.4216,81.2834,92.2193,110.2124,120.2833,120.3925,129.0411,37.1292,57.8591,49.4995,68.0577,70.3053,90.1571,103.8457,109.7809,110.1833,36.2387,40.886,47.6551,45.0855,46.7938,54.4425,66.7146,73.6316,71.97,79.36,83.9,90.81,96.39,103.2,115.46,126.58,138.58,2,8,4,13,1,3.5714,3.3333,3.6,2,1,5.6667,5.6667,3
"8321","10008323",52.4831,69.3735,78.6602,96.1071,103.323,110.2617,115.525,128.2478,130.4778,35.0082,49.4995,55.5074,75.1708,81.3129,104.2248,115.2094,123.1921,122.3382,35.2838,41.5649,40.3359,44.4646,52.7182,67.5741,62.0775,75.3802,63.75,69.3,75.75,81.9,86.99,93.86,105.67,116.68,129.76,1,3,1,5,1,4,4,4,1,1,5.3333,6,1
"8339","10008341",57.1255,84.7044,110.3439,109.7588,107.9056,137.7958,150.3299,149.3138,152.3458,25.3702,43.0812,58.5591,76.6583,76.3146,103.3917,128.1369,119.5985,123.1074,39.0796,51.1314,52.0896,54.0115,69.8469,76.5883,80.3786,87.1161,61.28,67.69,72.85,79.63,85.15,91.5,104.88,114.9,126.9,1,1,2,15,2,2.4286,2.25,2.6,2.8,2,5.8333,4.8333,7
"8357","10008359",54.6886,56.6639,69.5189,82.4091,98.147,109.8189,118.1194,117.8995,129.8126,35.9529,44.5297,54.679,64.7879,74.1068,79.7603,92.8123,114.3496,104.5087,20.3003,21.1499,36.3146,27.9222,44.3893,53.6144,58.4857,71.9963,80.81,85.91,92.35,98.99,104.05,110.07,121.71,133.78,145.71,1,3,1,4,1,3.8333,4,3.6,1.4,1,5.8333,6.25,1
"8400","10008402",64.0363,68.1253,82.3035,117.7408,112.3618,124.1384,133.7458,142.0747,153.1262,51.1329,56.8935,68.6152,100.7232,109.2312,114.9008,124.999,129.5335,134.7408,43.2626,48.2547,56.4544,59.0239,73.2087,77.1884,85.5064,85.874,66.15,71.11,77.33,83.87,89.65,95.9,106.82,118.78,130.82,1,1,4,17,1,2.1429,2.5,2.6,2.2,1.75,3.5,3.6667,3
"8472","10008474",46.3055,46.3035,56.4507,61.2876,63.3326,66.2493,91.0093,98.0258,104.0544,21.8393,21.3236,30.5818,45.722,40.3126,41.1796,55.1827,69.6899,80.4218,27.3003,29.3735,37.126,32.9655,52.2603,49.7346,45.0772,47.2002,69.57,73.25,80.61,87.06,90.51,98.14,110.07,122.07,133.18,1,1,1,5,1,2.1429,2.5,2.4,2,1,3,4.3333,3
"8576","10008578",60.23,103.1431,111.902,127.2686,137.8053,131.7627,142.9853,153.2918,151.9796,41.0538,77.5169,86.495,100.2933,87.2713,117.854,117.0501,122.0457,134.5988,38.8209,40.5088,45.5961,49.1104,54.5796,63.442,79.7056,86.4878,66.84,75.06,80.98,85.87,91.56,97.74,109.61,121.51,133.51,2,1,1,15,2,3.1429,3.75,4,1,1.5,5.5,6,8
"8639","10008641",55.0664,76.9938,99.1344,115.1209,106.4355,112.0293,133.2078,133.565,148.3115,44.8234,60.9817,78.237,87.024,100.6259,117.7072,120.758,126.4187,126.5797,46.5435,48.5872,50.7791,52.65,63.8546,73.8019,77.1018,83.5859,70.39,75.65,83.31,88.11,93.37,100.93,112.77,123.85,136.8,1,7,2,17,1,3.7143,3.25,3.2,1.8,1.75,4.8333,6.25,8
"8743","10008745",60.078,77.8082,84.9555,104.8278,116.4055,123.4171,120.813,127.7607,147.3643,38.6233,46.2266,51.8954,71.4268,79.3323,84.0658,91.0197,118.8286,120.9009,40.2409,52.8838,52.9307,58.9126,59.1135,68.725,75.7513,85.9339,67.86,73.15,79.17,86.5,91.86,97.97,110.01,121.12,133.12,2,1,3,10,1,2.8571,2.75,2.6,2,1.25,4.8333,4.4,5
"8866","10008868",66.1569,79.5027,98.9242,106.3824,105.2681,125.8359,127.7792,138.0742,149.4672,50.4689,64.4923,71.0231,86.506,94.379,108.4134,121.4223,120.301,135.1772,26.3222,34.3313,43.3888,46.3165,51.1244,57.8701,73.0103,75.7577,73.78,78.87,85.35,92.42,96.36,104.38,113.82,125.79,138.81,1,5,2,17,1,3.4286,2.75,3.8,1.6,1.25,7,7,8
"8896","10008898",69.1212,99.5073,110.2946,111.7803,132.9313,137.7862,138.1164,150.6053,157.4494,58.6888,82.5415,78.6701,96.0437,109.9875,118.4166,125.7929,130.7646,139.3138,45.4139,54.0834,57.2675,65.6998,73.8899,79.9569,84.0841,89.0292,73.94,80.65,84.69,92.02,97.81,104.88,115.59,128.52,140.58,1,1,2,17,1,3.1429,2.75,2.5,1.2,1,5.8333,5,8
"8935","10008937",44.0022,68.4339,82.3827,94.6281,105.2628,109.7807,97.5199,113.8205,122.938,27.3885,46.4351,56.7413,68.6179,68.2115,73.9812,87.2464,94.9372,109.279,21.9415,21.4451,30.6734,39.5976,42.2673,53.1818,53.431,52.615,63.45,69.4,75.62,81.57,87.52,94.88,105.73,117.73,129.76,2,3,1,4,1,2.7143,3,3,1.8,1.25,3,4.5,3
"8945","10008947",53.6555,64.2454,80.6646,91.8521,123.6615,126.3485,131.8938,143.1355,136.9246,31.4929,50.8735,57.4823,67.3903,71.7645,95.6441,97.3474,123.9491,122.6836,39.743,35.2511,35.2162,43.1807,51.222,58.6939,69.0378,68.9907,69.14,74.86,80.68,85.87,93.5,99.48,111.06,123.02,134.1,1,8,2,17,1,2.8571,3.25,2.6,2,2,3.8333,4.5,8
"8954","10008956",49.7237,68.9404,68.3136,106.4196,108.1857,118.9612,120.3841,122.8456,135.7469,32.3116,52.5167,55.0722,79.139,83.163,91.1603,108.4321,113.4087,121.1607,38.3515,48.5608,43.1778,58.1769,62.5371,72.1821,81.0808,78.8941,71.18,77.16,82.92,89.82,95.61,101.98,114.28,125.33,136.31,1,1,2,17,1,3,3.3333,3.2,1,1.5,4,5.8333,8
"8976","10008978",66.9374,77.5457,86.921,122.9509,137.1387,134.6558,142.4724,143.2262,154.0556,67.3503,84.809,94.28,95.8478,110.7671,103.4567,135.5646,145.0962,147.5769,44.6186,46.4582,65.0959,64.1269,68.3379,83.4741,82.3749,90.0933,70.32,76.11,79.73,87.81,93.76,100.27,111.35,123.42,135.42,2,1,4,17,1,3.4286,2.75,3.2,1.2,1.5,6,6,8
"9031","10009033",53.8489,63.5803,74.3697,88.7187,94.0781,112.4727,130.3934,145.9089,145.8438,32.3998,47.9729,66.6583,91.7413,87.977,103.4649,130.5726,133.4401,132.0805,35.6652,52.7955,47.2152,50.4328,59.7654,66.0998,82.9461,84.3384,63.62,68.35,75.16,81.53,86.93,93.37,105.37,117.34,129.4,2,1,2,17,1,3,2.6667,2.75,2,1,4.6667,5,8
"9099","10009101",55.2802,61.374,64.8074,101.5597,108.2181,128.3722,125.9051,129.5108,144.3407,33.5943,39.9484,43.7431,67.1747,64.9271,85.1423,88.8898,110.2562,113.2616,35.7871,32.854,46.7256,43.6171,50.4638,56.1556,70.1407,70.7867,71.31,75.45,81.24,87.68,92.98,99.68,111.81,123.88,134.86,2,2,4,14,2,4,3.75,4,1,1.25,5.5,6.8333,8
"9123","10009125",46.9116,54.7777,56.2005,81.7931,88.9158,99.5565,97.049,116.0763,107.0447,36.3096,41.0287,42.1265,56.9975,55.3757,72.7638,87.9951,100.5985,108.7184,25.9833,32.8786,34.9071,43.0654,39.7657,42.6138,48.5378,58.7739,68.25,73.64,78.48,85.22,91.1,98.43,109.18,121.25,132.23,1,2,2,6,1,2.7143,2.5,3,2.2,1.5,4.1667,4.6667,8
"9133","10009135",56.434,66.565,76.5271,84.0539,97.373,113.3684,113.0153,130.1619,145.2348,42.2321,53.3128,58.3344,70.2969,72.3097,85.8355,97.6621,96.6654,119.2577,30.2163,31.4162,42.2259,45.6208,51.588,57.8082,65.7157,78.5148,67.86,74.99,80.55,86.5,91.33,97.58,109.58,121.58,135.58,2,3,2,16,2,3.5714,3.3333,3,1,1,5,6.5,8
"9157","10009159",47.4166,60.3511,62.9804,75.5375,82.8981,98.8607,110.7182,119.1448,130.4758,23.9295,30.6219,30.9983,43.5084,44.8436,77.7176,90.7823,104.8574,115.632,25.6626,26.6135,32.914,39.4475,44.5521,49.7385,61.2841,65.88,62.01,67.92,74.2,79.92,85.91,92.35,104.15,115.13,128.05,1,1,2,13,1,1.2857,2.75,1.8,2.2,1.75,1.6667,1.5,5
"9185","10009187",48.0449,66.8854,72.0337,107.5994,101.0468,109.6116,112.8592,112.9146,124.406,21.3455,46.0884,58.7475,66.4687,69.2711,90.0463,98.9477,112.1425,125.3719,19.6309,22.8024,31.4779,52.7488,49.8628,56.5351,56.1241,85.4533,65.19,71.87,77.69,84.49,90.51,95.57,107.11,120.03,133.12,1,3,1,5,1,3.4286,3.75,3.2,1,1,6,5.3333,3
"9270","10009272",59.5308,68.7703,84.0384,102.3147,112.1456,126.6632,124.6571,142.3715,135.0855,54.2441,56.7775,70.2605,87.5529,91.1256,113.8708,121.01,126.7347,134.3249,30.1702,37.8404,44.9664,50.1572,64.3328,68.0588,72.5299,83.0694,69.27,73.45,79.23,85.71,90.97,97.61,109.78,121.81,134.76,2,1,4,17,2,4,4,4,1,1.25,6,7,5
"9383","10009385",48.0469,65.5496,89.5664,102.544,106.271,115.0198,112.6232,129.596,138.9647,34.7466,47.3667,70.4257,85.7267,96.6045,100.6056,124.5295,115.3045,128.1599,22.8018,26.9786,31.701,33.6015,44.5113,47.7446,58.6061,71.084,66.71,72.92,79.13,84.39,91.36,97.05,108.82,120.82,131.87,1,5,1,14,1,4,3.75,4,1.6,1,7,6.5,5
"9422","10009424",44.1359,58.8289,62.5507,81.3056,78.8076,103.287,111.1243,106.3292,129.7013,19.6298,36.9534,44.8009,55.5433,60.8153,78.6571,72.0193,71.6224,98.1069,23.0966,27.2282,29.7616,33.1769,44.9466,39.3287,43.2081,52.4077,64.96,71.64,76.96,83.38,89.13,95.8,107.38,118.39,132.3,2,1,3,13,1,2.5714,2.75,3.4,1.6,1,4.6667,4.5,3
"9435","10009437",48.2722,78.5937,109.3883,128.3278,104.6241,106.2763,117.6023,144.0715,130.0087,40.4089,52.0866,65.3433,87.2528,96.6607,98.8682,102.4337,128.0908,125.9019,25.4348,29.0578,43.4593,48.2219,55.2607,46.971,56.6606,55.5469,63.72,68.81,75.25,81.9,86.96,92.98,104.61,116.68,129.6,1,1,1,4,1,2.4286,2.75,2,1.25,2,2.6667,4.8333,2
"9458","10009460",47.0956,68.3552,74.5453,99.8968,109.8134,117.3159,119.2875,132.6282,148.4605,29.6883,43.2856,59.5771,75.8556,71.2217,89.4675,96.6429,124.827,123.2157,36.4076,37.6324,45.2156,45.3062,58.6586,69.0394,77.4411,87.2163,63.06,69.5,75.02,82.06,87.39,94.75,104.19,117.21,129.21,1,1,1,16,1,2.2857,3.75,2.2,1.2,2.3333,3.1667,4.2,4
"9465","10009467",52.9844,73.5289,75.3139,83.2185,97.1391,115.4527,109.0068,121.6729,104.2634,32.339,40.9973,60.3618,65.6211,68.4198,70.8054,84.7386,89.9467,109.8393,30.1003,36.6737,35.7279,39.8327,39.5963,51.1382,45.9101,46.7661,69.8,76.01,82.22,87.48,94.22,100.7,110.96,122.96,134.96,2,2,1,7,1,2.8571,3,3,2,1.75,3.8333,3.5,6
"9469","10009471",52.9491,70.17,70.9747,86.8845,90.7331,106.9146,114.4445,128.2396,130.051,34.9898,54.1896,59.7125,69.9928,80.7395,87.5121,111.078,121.4738,116.5977,39.4012,33.5949,36.714,44.3142,51.697,55.2615,66.1334,72.2501,77.46,83.01,88.7,93.27,100.83,105.76,117.53,129.53,141.53,2,1,1,12,1,2.5714,2.25,2.6,2,2,3.6667,4.3333,5
"9509","10009511",40.602,42.963,41.7247,58.1936,65.0624,76.4419,98.9993,114.8027,112.6703,17.1791,27.9307,32.6276,50.5359,55.4332,69.4638,95.9738,103.5272,116.9376,33.85,30.1405,39.7911,40.268,50.7878,57.8701,53.9563,73.8183,60.33,65.36,72.76,78.51,84.92,89.79,102.48,114.48,124.54,1,1,1,11,1,1.4286,2,1.6,2.4,1,2.3333,2.6,5
"9622","10009624",54.739,69.3349,75.9939,77.3697,92.7718,108.0133,106.1472,122.8729,108.2676,29.4532,39.1253,53.2374,63.8659,64.1364,89.6346,92.9535,93.4474,102.6798,27.3019,28.6136,34.566,49.1338,50.0158,63.8066,56.0282,68.5265,69.4,75.29,81.24,86.17,92.65,98.43,111.42,122.4,134.4,1,3,1,12,1,3,3,2.5,1.6,1,5,5.8333,5
"9640","10009642",47.2546,55.6585,71.1909,69.5871,78.6987,89.0294,106.9363,124.7638,111.344,31.1671,32.0999,44.1433,59.3287,60.4162,70.5548,89.7948,93.4429,108.2634,28.2333,29.0496,33.5762,35.8334,40.1949,52.5871,66.0797,70.3534,60.49,66.97,71.97,78.38,84,90.31,102.12,114.15,125.16,2,3,2,4,1,2.8571,3.25,3.6,1.2,1.5,5,4.3333,3
"9649","10009651",51.4828,65.2403,67.1271,94.7524,98.1036,102.6717,129.8025,127.119,138.6192,33.0686,46.7369,50.9684,68.0011,64.9296,80.5517,110.4142,118.9085,119.9689,36.264,39.4277,43.5846,47.4741,48.1221,65.3957,72.5778,89.075,72.49,78.25,84.03,89.98,95.8,102.41,113.52,126.41,138.41,2,1,1,6,1,2.8571,2.75,2.4,2.2,2.25,4.1667,3.3333,5
"9658","10009660",48.1173,61.2859,62.2354,79.4098,102.5849,109.8844,108.6386,134.6166,136.7364,49.8766,59.6953,70.4117,84.3742,86.2247,101.6284,121.747,125.8746,133.9683,31.1497,37.1805,37.0493,51.5704,58.8391,55.4906,69.2428,81.0617,70.29,75.55,80.88,86.33,93.6,99.55,110.83,121.84,134.86,1,1,1,5,1,2.4286,3,2.8,1.6,1.25,5.1667,5.1667,3
"9702","10009704",52.2257,63.8406,71.8307,80.0096,104.6293,109.8899,119.5941,120.5019,127.0755,32.6092,43.3936,56.004,50.2174,66.4502,70.5295,84.3212,101.7307,98.0351,31.0618,32.6494,43.4976,47.9719,46.9147,49.1835,55.5974,52.6596,72,76.6,84,88.57,94.45,101.62,111.75,123.85,135.78,1,8,2,8,1,3.1429,3.5,3.8,1.2,1.25,5.1667,6,5
"9725","10009727",61.0469,64.8565,83.988,122.0403,109.8298,141.1857,138.508,149.2967,152.2794,46.3376,62.0221,76.0567,78.7025,97.5489,111.0093,119.2317,128.2539,134.0716,38.1901,54.2662,65.1147,59.4128,72.2143,72.8603,80.8984,87.2476,65.79,71.97,77.72,83.77,88.73,95.87,106.03,118.03,130.03,2,2,2,14,1,3.8333,3.25,4,2.2,1,6.6,6.8,6
"9770","10009772",46.171,56.9639,64.829,86.4679,89.6556,96.5739,103.8898,120.7751,116.6704,29.4147,34.5056,46.2651,62.6097,69.7457,70.9693,93.6025,88.5434,100.2649,20.2957,22.7264,25.8759,25.9337,32.2021,36.7803,47.1756,54.4585,62.73,68.71,74.93,80.88,86.4,93.53,103.43,116.48,129.44,2,3,1,3,1,3.2857,2.6667,3,1.8,1.25,5.5,6,3
"9827","10009829",44.0087,60.7244,72.3512,88.6016,99.9363,103.8289,114.8007,121.2209,129.3098,20.4325,35.2454,35.5565,58.266,54.4578,65.7617,79.814,87.0454,91.5938,24.2667,21.794,37.0567,36.4415,44.1538,46.6993,63.8133,63.9212,63.48,69.21,75.45,83.01,89.06,95.77,106.55,116.61,128.61,1,3,1,8,1,3.1429,3.5,3,1.2,1.25,4,5.1667,6
"9890","10009892",53.6171,72.3127,80.6316,103.4982,111.8246,120.6851,126.7588,134.8224,151.3449,27.7857,50.2059,56.6543,66.0332,69.9622,91.4233,96.8208,100.8206,117.8545,33.1661,35.4475,45.211,50.4844,56.5159,68.0369,72.515,83.4755,60.79,67.23,73.41,80.75,85.64,92.32,103.1,116.12,127.17,2,2,1,11,1,4,3.25,3.8,1.2,1,5.8333,6.6667,8
"9947","10009949",51.4245,66.042,68.9025,94.7801,99.2176,103.9428,116.7351,132.2502,132.2737,33.0889,49.7316,56.7582,78.8195,76.0971,88.5273,85.9809,106.1559,117.3794,29.1098,38.0052,41.2448,38.9344,56.5658,62.0007,65.8398,58.403,70.52,77.19,82.78,88.93,93.76,100.67,112.54,125.49,136.57,2,1,2,17,1,3,2.6667,3,1.6,1,6,5.3333,5
"9975","10009977",44.6482,51.1117,64.829,89.3501,110.8212,129.0254,126.6987,143.1824,149.6896,36.4597,37.6715,49.5776,75.8432,70.3025,92.3761,110.3872,125.9505,126.3702,32.316,30.2663,39.5285,44.5053,45.6347,54.1822,68.8158,77.0766,62.73,67.63,74.24,80.61,85.97,92.42,104.45,116.42,127.5,2,3,2,18,1,2.1429,2.75,2.6,2.6,2.25,2.6667,3,6
"9984","10009986",62.5175,75.6739,81.6177,97.3013,101.9389,107.637,117.7551,125.676,149.4264,48.9055,80.3713,83.921,102.5058,99.8678,104.4361,118.2869,123.0109,138.8455,30.1127,35.4229,32.6144,45.8691,47.4306,62.3609,60.4061,75.5715,66.25,71.8,77.79,84.2,89.16,96.95,107.67,118.65,131.61,1,3,1,14,1,3.1429,3.5,3,1.6,1,4.8333,5.8,6
"9996","10009998",55.015,63.8725,69.4122,86.3552,97.3922,108.245,118.5658,123.3327,125.9988,29.8373,40.2165,54.541,63.3144,67.2146,77.9062,89.3862,95.9535,100.3695,36.0049,34.1367,38.0103,40.6839,41.394,53.2779,56.3179,55.3737,58.95,64.67,70.45,75.72,83.31,89.23,100.83,112.8,123.88,2,1,2,16,1,2.7143,2.5,2.6,2,1.25,3.8333,4.4,4
"10019","10010021",40.4551,59.8542,54.7325,57.8475,67.4091,79.7033,108.7406,112.3793,120.3799,17.1093,37.1365,43.0943,46.6257,57.201,73.0891,109.0462,118.4609,101.1622,31.2549,32.1958,27.9325,34.8278,44.8689,38.3386,50.6782,67.564,68.78,76.11,80.12,86.7,92.78,98.63,111.65,122.7,134.66,1,1,1,6,1,2.1667,2,2,3.8,3.25,4,2.25,5
"10071","10010073",48.7396,71.7769,72.2797,90.0055,104.4728,107.6209,113.7214,121.0085,143.8424,17.9622,47.4327,52.9482,59.816,57.3149,68.7676,93.8656,85.9894,92.2144,25.9428,29.548,33.5795,42.4176,47.6421,48.334,65.647,56.1241,62.89,68.38,75.32,81.01,86.3,91.86,105.24,115.3,129.3,2,3,1,7,1,3.2857,3.25,2.25,1,1.5,5.3333,5.4,2
"10092","10010094",54.6383,63.7416,76.0004,105.3679,106.5365,123.4456,119.529,126.6137,140.2891,27.6947,46.2424,61.5844,77.8678,79.8462,102.3433,106.1623,119.132,136.9972,28.4124,37.7053,43.3653,46.7589,57.9862,68.7805,73.3099,70.5258,65.23,71.44,78.31,84.03,88.14,94.92,107.15,120.16,131.18,2,1,2,12,1,2.4286,3,2.8,1.8,1.5,4.1667,4.3333,6
"10121","10010123",50.8774,65.8842,62.1651,80.4745,81.1391,110.3877,111.8803,140.8191,147.3631,30.8708,36.7125,43.4532,59.6387,62.4009,70.3109,83.7625,90.7446,106.9444,20.426,22.9546,30.1836,33.2637,51.3408,48.2419,58.5232,78.2508,61.51,67.04,72.76,78.9,84.46,91.59,102.18,116.09,127.13,1,3,4,2,1,3.4286,3.5,4,1.6,1.25,4,4.6667,3
"10189","10010191",54.9106,72.8588,98.0746,116.3095,122.9623,124.3256,130.7005,134.5125,140.8713,38.8829,62.3105,64.4257,79.6546,80.198,91.8073,108.3351,108.3667,127.2781,32.6356,30.4694,44.3998,42.5138,51.1018,61.1852,58.8052,72.2799,63.95,70.39,75.45,82.32,88.34,94.75,106.16,116.19,130.16,2,3,1,16,1,3.5714,2.5,3.4,1.4,1.25,6,5.8333,8
"10213","10010215",53.8111,64.274,74.8787,88.5348,107.2083,127.0895,137.4631,147.0349,154.4257,52.9623,58.4418,82.9367,96.1037,104.9969,123.5918,124.6939,126.5506,140.897,38.4879,49.9375,60.0186,64.4494,82.142,80.3264,85.3961,89.8068,67.07,71.61,79,83.54,89.46,96.62,106.75,118.85,130.78,1,1,2,11,1,2.7143,3.5,3.2,1,1.25,5,5.3333,6
"10260","10010262",58.4029,73.2573,86.9616,103.0404,106.7866,118.1378,120.3673,138.9853,139.7544,37.2422,56.0568,66.3687,83.5901,94.5773,107.6556,122.8966,130.6856,140.7423,29.3985,41.4038,54.9809,56.0031,60.2202,59.3001,80.8587,86.8544,59.74,66.67,71.54,77.95,83.41,89.65,103.07,115.13,126.08,1,5,2,14,1,3,3.25,2.8,1.4,1,5.8333,5.5,6
"10263","10010265",54.3451,72.2962,101.4992,112.7616,119.4956,129.3396,138.6886,144.1256,150.4506,32.4929,50.4782,53.8226,67.7138,81.0593,83.569,115.8742,118.2869,133.2077,32.3307,34.0673,42.2902,55.1592,44.608,68.0689,80.9823,81.3383,58.32,64.54,71.51,77.36,83.38,89.36,100.93,113.88,125.88,2,1,2,17,2,4,3.6667,3.6,1,1.25,5.1667,6.5,6
"10279","10010281",56.837,60.8682,66.9548,95.4894,100.2684,111.4104,115.8078,117.4203,136.8523,37.4256,48.6149,50.0676,66.1327,77.0986,84.5877,92.1362,103.9067,115.1972,30.892,32.5445,35.7824,43.0493,52.3672,56.4928,57.4969,67.7071,73.12,78.12,82.98,89.92,95.11,101.39,111.95,123.95,137.92,1,3,1,17,2,2.7143,2.75,2.6,2,2,3.5,4.3333,8
"10281","10010283",58.1896,66.5693,68.1665,93.8957,105.6048,114.5539,134.0865,135.4629,149.1844,34.2001,57.5333,73.8379,84.328,88.3285,113.1077,123.5345,128.1522,132.1881,40.0558,36.1054,44.7762,49.3364,56.4371,61.0654,64.0458,76.4375,73.18,79.86,85.45,91.82,97.12,103.76,115.36,127.33,138.38,2,1,3,17,1,2.8571,3.6667,3.2,1.6,1.75,5,5.8333,6
"10282","10010284",50.1076,60.8112,72.2934,87.0837,92.5127,95.1037,109.2655,113.6163,129.5291,28.7953,47.1687,66.9783,77.3327,75.5536,93.2185,106.6159,107.6394,120.8731,25.7707,34.4467,36.8095,41.7294,50.0021,47.3949,63.4718,77.278,67.99,73.74,79.76,85.05,90.21,97.12,109.68,120.76,132.76,1,3,1,3,1,2.7143,2.25,2.6,2,2,3.3333,4.6667,3
"10383","10010385",52.4475,68.5945,71.425,97.8962,99.2764,100.5519,129.1002,125.2151,126.7236,35.4252,40.1656,48.7407,66.4687,71.8363,77.4692,84.272,96.2712,109.8602,35.8798,37.1173,40.4256,47.1191,56.9321,65.0795,69.0714,72.1887,73.97,79.92,83.93,91.5,96.82,103.96,115.69,127.66,139.69,2,1,4,5,1,2.7143,3.5,2.8,1,2.25,4,5.8,3
"10408","10010410",51.9132,66.2872,71.9956,79.0015,103.7151,123.3717,133.7918,136.2662,148.8677,23.3242,42.325,51.8092,68.3033,63.5606,75.1678,101.0757,118.3569,117.4135,39.4926,47.5774,53.0137,47.6761,59.6771,62.0317,72.634,79.45,70.09,76.73,82.72,89.16,94.98,101.13,113.42,124.41,137.42,2,3,1,10,1,3,3.25,2.75,1.2,1.3333,5.6667,5.5,6
"10410","10010412",33.7097,45.022,57.9198,72.5785,85.7947,103.5188,119.8609,127.9253,138.4314,22.313,29.6814,45.8396,66.9915,73.8827,99.1998,115.2337,130.5707,132.6173,19.6229,25.426,32.2585,35.0653,45.9704,61.9418,68.7519,77.749,60.03,65.56,71.34,77.59,82.78,90.67,102.97,113.98,125.03,1,5,1,17,1,3.4286,3.25,3.2,1.4,1,5.3333,4.8333,6
"10460","10010462",45.1752,64.7544,73.5028,95.9615,105.5996,109.0785,108.2078,128.0774,138.9596,30.6176,45.1785,51.2883,57.6232,56.0617,86.7737,100.5585,106.5283,114.5202,20.4977,24.5033,31.6315,27.6941,38.9618,44.3572,51.9631,58.0638,66.41,71.97,77.29,82.75,88.93,95.15,106.19,119.21,130.19,2,5,1,16,1,1.5714,2,2,2,1.5,2.8333,3,7
"10476","10010478",54.1602,65.6353,63.9156,76.5337,73.2889,84.2868,102.2412,125.0794,113.5483,28.0698,42.8884,52.1473,68.474,77.3106,89.1756,85.3172,111.8832,117.6421,36.8671,38.3618,37.9684,46.9434,56.6081,58.603,73.2885,78.8619,69.9,75.42,81.4,87.55,93.86,100.67,110.83,124.77,134.79,2,1,2,6,1,2,2.3333,2,2.2,2,3.3333,3.5,6
"10478","10010480",49.3374,55.6596,72.3982,90.2155,101.4942,114.5988,109.2755,120.2959,127.6495,21.5344,29.2378,46.7415,63.1802,65.7148,71.5439,84.1146,111.0408,117.4596,20.167,24.2801,30.0917,30.7215,34.2648,44.5274,48.0759,55.504,63.19,69.21,75.06,80.91,86.89,92.61,104.45,117.4,129.37,2,3,1,5,1,3.2857,3,3,1.4,1,6,5.5,3
"10514","10010516",57.0295,71.3116,78.7163,97.2631,107.2565,116.9989,128.0445,128.1903,134.4708,40.2206,55.9103,63.1802,80.9817,85.8028,99.4588,99.5089,112.4301,126.5758,29.2407,53.9287,60.1798,53.2038,61.7998,64.9726,68.2472,76.9253,72.2,77.92,83.24,88.67,95.44,101.69,112.67,123.72,135.72,2,8,1,11,1,3,2.5,2.5,1.6,2.5,4.6667,5.6667,8
"10536","10010538",60.3173,78.1037,108.3152,130.0908,139.8335,143.6428,146.8344,151.1194,154.0231,43.8518,61.9119,86.0316,99.5843,93.4703,100.8855,123.0779,125.5279,133.3341,38.8339,46.0516,52.4512,58.5162,69.0041,76.0297,82.429,87.2632,67.82,74.01,79.53,86.17,91.66,98.14,109.74,121.74,131.8,2,1,1,16,1,3.4286,3.25,3.8,1.6,1.5,5.8333,4.8333,8
"10583","10010585",54.0276,81.9353,99.1001,122.8428,113.3517,136.3332,133.0721,151.2392,152.4388,35.325,60.2752,72.2344,87.1826,83.2503,111.3562,119.716,127.5405,126.0011,37.4869,40.472,45.8163,49.2626,53.7489,57.6046,74.6901,85.0364,70.29,76.5,82.72,87.98,94.92,100.64,112.41,124.41,135.45,2,2,1,12,1,3.5714,3,3.6,1.2,1.75,6.3333,6.6,6
"10654","10010656",43.0644,45.4882,54.7476,72.0473,86.7305,96.9724,109.2113,108.6246,131.3411,31.733,39.0527,48.0756,55.6583,66.8803,73.7814,99.0394,98.8984,110.2124,20.6399,19.0676,46.5593,30.7009,35.4404,44.0395,48.6865,56.5623,80.98,86.24,91.76,99.35,105.07,111.52,122.37,134.37,146.37,1,5,1,18,2,2,2,1.8,2.2,2,4,4,6
"10660","10010662",61.1289,77.8116,108.2234,105.2523,111.0137,127.2854,129.5331,137.2951,142.6115,57.7788,72.5625,97.5167,96.4361,111.6788,115.6006,120.9544,133.4566,133.9973,31.6723,46.1455,61.183,65.9363,67.7384,70.1591,82.5384,84.1139,73.97,79.27,86.96,93.37,98.17,102.97,115,127.92,139.89,1,3,1,3,1,2.6667,2.5,3.6,2.2,2,4.5,5.1667,8
"10693","10010695",67.823,67.3892,85.6037,97.1677,107.7497,112.9562,123.3474,138.3302,132.8797,53.9219,52.7745,70.6335,86.3305,79.3126,107.0229,115.6118,117.4275,113.3127,30.3967,38.074,48.6698,48.8439,53.9784,61.7607,69.8322,77.897,72.43,77.06,85.38,90.25,94.36,102.15,113.16,126.15,138.15,1,3,1,5,1,3,2.3333,2.6,1.8,1.75,3.8333,4.8333,5
"10697","10010699",57.3142,67.4957,68.8954,90.1726,106.7067,114.7166,119.7285,127.6268,139.8704,31.6156,51.744,57.4435,63.4184,66.6267,90.2451,98.4345,102.044,111.842,27.039,35.6274,40.7457,33.3061,51.4511,58.3967,67.2477,71.8235,71.01,76.93,82.45,87.72,93.24,99.72,110.5,124.41,136.47,1,3,1,13,1,4,4,4,1,1.5,6.3333,6.5,2
"10755","10010757",62.605,72.5534,78.8392,103.3539,104.0724,106.6588,118.0691,126.1548,125.0606,40.4623,46.5304,59.8062,74.727,64.94,88.3322,106.7589,113.1594,123.4912,27.447,27.6263,30.9069,35.0317,37.3607,43.2349,48.8575,69.4478,66.67,71.8,77.49,84.2,88.6,95.67,107.51,119.51,131.47,2,1,4,16,1,2.8571,3.5,3.6,1.2,1.5,4.6667,4.8,8
"10761","10010763",45.4503,61.356,64.9019,79.6926,89.1052,88.2641,111.915,122.0639,126.7298,27.9687,49.2746,50.2013,82.4621,78.4014,95.3808,112.8976,130.6988,138.3149,39.5537,45.4062,48.6417,45.5481,44.3577,62.7339,80.4098,78.544,62.76,67.82,73.08,80.02,85.94,92.19,104.19,117.11,128.12,2,1,4,14,1,2.7143,3.5,3.4,1,1.75,4.5,5.8333,5
"10770","10010772",54.0721,66.0357,82.7081,101.3733,104.426,121.3229,109.4081,113.4103,138.3267,31.5919,47.1983,48.8437,60.7284,72.6003,72.8925,83.332,99.8125,114.938,23.6406,24.6892,30.7392,34.6651,43.3124,56.2983,54.7087,65.0929,63.72,68.55,74.07,81.8,86.73,93.86,105.86,117.9,129.86,2,2,2,18,1,3,3.3333,2.6,1,2,5.1667,5.1667,3
"10779","10010781",47.9995,60.8033,68.4803,90.6249,89.6599,107.0694,101.8199,123.467,138.4227,38.0759,55.6463,65.7513,85.988,78.6538,101.9858,119.9291,119.9191,131.5424,33.7592,37.4294,52.1891,48.8522,58.1729,70.892,75.2448,77.6663,65.23,70.75,77,83.41,88.87,95.77,105.93,117.93,130.85,2,1,4,17,1,4,4,4,1,1.25,6.8333,6.8333,8
"10822","10010824",69.6628,76.9271,84.9084,119.507,119.598,128.3444,138.0355,141.3231,151.9748,43.8319,61.2653,76.8403,84.6769,74.6574,102.7984,108.086,113.1819,118.1249,45.0473,47.9882,54.3069,53.9361,55.8527,63.548,75.4397,78.796,71.54,77.72,83.05,89.42,94.98,101.39,112.8,124.73,136.73,2,1,2,16,1,2.7143,3,3.2,2,1.25,3.6667,3.8333,5
"10890","10010892",48.4063,74.9744,110.1468,99.7388,112.8561,121.9037,110.6979,128.0199,132.6595,37.3319,61.0587,58.9484,74.6514,78.9888,101.9858,108.4995,118.4949,120.5792,45.8132,34.2479,47.7183,50.147,56.2054,52.9172,72.0743,72.4935,75.62,82.32,87.81,93.6,100.41,106.68,117.99,129.99,142.03,1,1,2,15,1,3.2857,3.5,3.5,1,1.25,5,5.8,5
"10901","10010903",60.3403,74.5088,79.0439,112.3341,117.7578,134.3272,128.3913,139.7493,152.5412,45.021,41.3502,48.7819,76.2648,74.9394,80.0318,97.7138,98.9275,124.5021,32.8487,34.1726,43.8704,47.8059,56.1309,61.9402,64.5953,75.8169,64.7,69.86,75.06,81.76,87.02,93.5,105.86,117.9,128.91,2,1,1,16,1,3.1429,3.75,3.6,1.8,1,5.3333,5.5,8
"10935","10010937",70.941,81.711,112.3063,129.7406,140.4739,144.3263,151.7397,152.7637,158.8637,55.9655,81.8815,110.1734,110.5369,112.3152,125.8283,132.1695,143.1245,147.8986,48.1695,62.931,68.164,70.6458,74.1447,78.9904,86.0228,89.0041,70.22,76.14,82.13,87.88,94.13,101,112.57,124.6,136.57,1,1,1,16,1,3.7143,3.5,3.6,1,1,6,6,8
"10986","10010988",47.4944,59.8871,71.1882,83.0962,88.0402,91.989,115.6144,123.2572,121.5299,29.8512,53.4566,66.1431,65.3278,66.0934,71.347,99.4866,103.0439,111.0118,30.9763,34.6743,41.4808,43.1077,46.9434,58.1507,65.2468,74.5992,61.81,68.02,74.2,79.46,86.43,92.12,103.96,115.92,127.89,1,2,1,5,1,3.2857,3,3.4,2,1.75,4.3333,4.8333,3
"11019","10011021",49.4067,67.576,67.7599,81.8604,96.7824,95.3079,122.3918,123.8173,132.8116,31.6661,41.5068,48.1829,62.6475,64.9993,87.5529,93.7351,101.4411,119.1499,41.4976,45.8536,50.4964,53.3546,56.851,60.0409,72.3958,83.0442,70.03,76.9,82.45,88.57,94.85,101.26,113.06,124.18,135.16,2,1,3,8,1,3.4286,3.6667,3.6,1.2,1,6,5.8333,5
"11085","10011087",56.9021,72.2083,79.1395,109.47,116.9197,120.5826,132.1774,127.9788,149.4853,46.0681,60.8898,75.2716,91.3614,91.8734,108.6888,123.3673,131.6506,134.7084,38.7312,45.2954,54.2255,61.0141,65.7877,78.6609,83.9507,89.5211,64.24,70.68,76.18,83.31,88.37,94.88,107.77,119.8,131.8,1,8,4,10,1,3,2.5,3,2,2,4.6667,4.3333,6
"11132","10011134",61.4494,70.5611,82.549,106.3452,123.0419,126.1064,138.5272,137.4256,151.4389,36.4668,56.2565,73.1303,86.2539,87.936,106.5847,124.6743,129.0155,136.852,40.7264,41.2295,47.4806,48.6384,48.6054,72.4008,72.2385,81.5682,73.58,80.22,86.07,91.89,97.87,103.63,115.46,128.42,140.38,1,1,1,16,1,4,3.5,3.8,1.4,1.75,6.6667,6.1667,5
"11135","10011137",52.4475,58.3067,70.998,89.6386,100.2535,102.3911,114.5231,126.5784,125.7094,27.7337,36.1604,59.0317,62.3733,71.6957,80.2612,90.2003,105.9285,105.5781,30.0201,25.9688,36.9163,40.8502,39.6856,48.6967,46.2908,53.6087,70.95,76.08,82.26,88.21,93.7,100.9,109.84,123.85,136.77,2,3,1,2,1,3.8571,3.25,3.2,1.6,1.75,6,5.8333,3
"11163","10011165",39.261,61.1805,78.8076,103.457,97.603,107.8949,116.295,133.8915,141.3777,20.2291,43,51.9723,70.6954,84.2606,73.6476,117.6341,121.7233,129.8107,25.8137,27.1861,32.5128,54.4811,49.2006,61.6108,71.9199,76.0903,61.74,68.38,73.97,81.67,85.84,93.7,105.01,117.07,127.07,2,3,2,6,1,3,3.6667,2.8,1,2,4.8333,5.75,2
"11211","10011213",56.777,74.0761,92.7673,112.0404,113.0676,130.5323,137.5647,138.7284,140.7504,33.0889,65.7331,55.4547,67.1162,79.3914,108.9803,116.6641,123.4617,123.8136,31.402,31.5449,41.4612,49.89,45.6688,60.57,63.7751,61.715,69.07,75.48,80.58,87.42,93.44,99.85,112.21,123.25,134.24,2,3,1,3,1,3.7143,3.25,3.4,1.4,1.25,5.8333,5.2,3
"11225","10011227",50.3561,72.0445,84.7593,118.7396,126.4159,126.8933,138.7474,144.2711,155.7117,25.8573,50.1252,61.552,71.3213,90.3945,91.0561,111.6091,118.1369,128.7825,46.4472,48.9453,47.9458,65.0103,57.2286,72.0046,80.6311,80.5124,64.8,72.16,76.77,83.9,91.2,94.92,106.95,118.98,129.96,1,3,4,8,1,3.1429,3.25,2.8,1.4,1.25,5.5,5.4,5
"11247","10011249",60.4359,74.7711,101.0267,125.3221,121.0039,141.5986,129.4885,151.0868,155.5493,39.0058,67.9931,76.9032,101.734,105.3625,121.0171,129.8032,136.6108,143.3305,40.3522,43.7918,46.0454,56.324,66.0493,74.5699,80.597,89.9188,60.53,67.2,71.34,79.76,84.36,92.09,102.21,115.17,127.2,1,5,2,18,1,2.1429,3,2.2,2.2,1,3.6667,3.5,8
"11250","10011252",55.5295,68.5945,81.313,111.8799,113.8094,124.2745,134.6865,136.9751,146.6411,37.9949,57.1622,62.6928,84.92,94.9189,109.2029,122.022,131.1664,132.3419,32.6356,38.0638,45.4586,54.9528,62.8401,66.7298,72.5133,83.6149,64.04,68.88,74.37,82.16,87.06,94.22,105.21,116.25,129.24,1,1,2,14,1,3.1429,3.3333,3.2,2.2,1,4.6667,5.1667,5
"11289","10011291",62.5874,74.4482,86.6536,117.4574,140.0241,144.3263,142.4321,145.5757,155.6381,61.5245,75.7136,83.1665,92.7946,107.611,108.8872,115.8278,129.2672,136.8502,51.7376,49.685,62.0027,79.2109,73.8675,81.8417,87.03,89.1414,66.05,72.76,78.31,84.3,89.26,96.16,108.03,120.03,130.06,2,1,2,16,1,2.7143,2.75,2.6,1.6,1.25,5.5,5.5,8
"11336","10011338",58.2393,66.9396,77.8698,111.0907,115.8582,138.5889,135.153,134.7337,141.8589,51.9117,59.6288,70.941,86.7187,104.1761,109.846,107.0445,126.5235,132.3345,31.3495,44.2421,46.8606,59.2989,58.2911,71.4325,65.6956,73.2309,62.33,68.25,73.55,81.11,86.86,93.04,102.74,116.68,127.76,2,3,1,4,1,3.2857,3.5,3.4,1.6,1,6.1667,5.5,3
"11394","10011396",44.2562,63.2144,64.2874,86.5607,101.9288,110.8487,115.7516,130.1116,150.0953,25.949,47.3508,49.4215,78.437,68.9614,91.7918,112.9283,113.3454,136.7151,37.9405,42.7113,48.2613,39.4542,58.2025,60.7762,63.5148,81.277,63.52,69.96,75.22,81.6,86.47,93.14,105.34,117.44,129.34,1,1,4,8,1,2.1429,2.25,2.4,1.6,1,3.8333,4.3333,5
"11414","10011416",49.6425,64.0552,59.7427,65.9048,63.6821,71.9117,87.9576,87.5152,90.7368,29.7537,39.0292,45.3001,56.5578,40.3126,62.3984,69.1379,76.7149,82.1756,21.4992,20.3325,23.7337,22.4714,31.1137,31.9727,37.7422,49.6212,64.08,69.86,75.58,80.35,85.94,92.22,105.6,116.58,128.61,2,3,2,14,1,3.1429,3.75,4,1.2,1.25,2.8333,4.5,4
"11542","10011544",42.178,57.6741,58.2514,66.3674,70.4621,83.5906,98.2631,115.1159,112.777,20.4909,25.6516,36.5876,47.7859,56.5337,72.4723,77.7919,82.1736,80.2233,23.5485,25.9299,40.0827,39.9199,40.3345,49.1346,54.3831,63.3047,66.41,71.97,77.23,85.15,90.18,95.47,108.69,119.64,131.67,2,3,1,1,1,3,3,2.8,1.4,1.5,4.8333,5.2,3
"11569","10011571",53.2682,62.6225,67.0005,81.711,86.48,97.9684,123.0577,114.6225,127.5402,35.1779,51.8115,60.54,58.8871,72.3648,82.4069,103.2934,107.2041,114.0446,22.5783,29.0132,33.1661,35.5968,45.5064,53.319,70.6463,72.2003,68.42,74.17,79.89,84.66,90.25,96.43,109.91,120.89,132.92,1,3,2,4,1,3,2.25,2.4,2,1,4.8333,4.6667,2
"11606","10011608",43.5195,46.5899,55.227,61.4691,69.9237,67.2677,80.1124,101.7526,106.1961,19.5979,27.0065,42.4723,54.9911,57.5746,60.2802,65.2337,89.3884,80.6003,20.298,21.6732,29.7033,26.3081,34.9682,32.1985,55.6717,54.4904,72.56,78.54,83.87,89.59,95.34,101.33,113.03,125,137.06,1,3,1,5,1,2.7143,2.5,2.2,2.4,1.5,5.8333,3.1667,3
"11612","10011614",44.4315,63.7416,88.1852,99.1931,118.4897,128.2889,126.0133,130.321,154.3003,35.9807,42.2343,54.0237,69.865,75.9638,89.365,120.5693,106.5945,124.455,30.0802,35.9989,52.8946,59.4608,65.6455,70.5744,77.7724,81.6277,70.82,76.83,83.01,88.7,95.18,101.62,113.19,124.21,136.18,1,5,2,17,1,3.1429,3.5,3.5,1.2,2,5,5.6,6
"11647","10011649",96.5219,111.0082,97.4544,114.7559,124.9488,118.308,139.4619,146.1114,146.6464,61.8118,71.624,77.3898,87.1826,96.0477,111.4611,118.4129,118.2709,123.731,38.2131,39.3324,51.7199,63.21,62.5865,74.0602,77.4097,87.0967,69.14,74.73,79.53,86.14,91.66,98.2,109.87,120.92,134.86,1,1,2,17,1,3.8571,3.5,3.4,1,1.25,6.6667,6.5,8
"11674","10011676",49.2144,67.8591,83.0581,103.179,105.5416,111.4655,129.2874,126.7443,136.4763,33.8433,48.5257,45.9232,65.0509,66.7507,70.78,91.6361,98.3224,101.7881,36.7165,34.0729,50.0021,51.7746,56.795,70.3836,73.4249,80.8984,71.47,77.69,83.18,90.28,95.34,101.88,113.85,126.77,138.77,1,1,4,7,1,1.8571,2,2,2.6,2.25,3,3,6
"11738","10011740",64.5438,76.3015,95.3962,103.6376,118.3818,117.8542,117.822,145.5894,153.7272,62.4311,81.2181,88.5423,87.5529,106.8768,108.5632,123.4971,132.8164,139.2334,43.3462,50.6876,48.8937,61.0426,57.5888,70.1977,77.5945,85.2881,70.95,76.87,83.38,87.22,93.7,99.98,110.47,123.48,135.39,1,1,2,15,1,4,4,4,1,1.25,6.6667,6.6667,8
"11760","10011762",54.3672,77.1107,80.7929,104.327,89.7834,106.6375,127.7689,131.5753,148.9599,36.2832,57.7909,65.9182,76.0939,79.4406,95.301,98.3986,120.3905,122.3224,32.8722,43.7903,47.6632,44.3908,50.0532,57.4984,68.0504,66.6239,65.1,70.49,76.83,83.47,89.79,95.47,106.32,118.36,130.32,2,1,2,16,1,3.5714,3.75,3.8,1,1,5.8333,5,3
"11769","10011771",56.9391,78.0761,101.7314,122.0688,125.6666,139.0238,140.1479,146.7132,155.2472,39.2533,55.3159,68.4523,85.4231,83.4147,103.9688,112.0705,119.3952,125.7462,37.3882,46.0438,46.1048,61.1138,56.5216,72.644,80.2921,87.4057,69.21,75.88,81.47,87.45,92.48,99.35,111.22,124.18,135.25,2,1,2,16,1,3,3,3,1.6,1.25,5.2,5.5,8
"11791","10011793",44.9569,48.8893,51.2352,61.2534,68.1413,83.0314,92.0346,121.9988,110.9983,24.3808,24.042,24.1988,33.2626,42.5787,49.332,63.226,93.6407,76.1602,26.1936,24.5773,32.3664,41.4598,43.0086,40.9351,50.9163,65.6319,62.93,68.48,73.74,81.07,86.83,92.48,104.22,116.12,128.22,1,3,1,3,1,2,2,1.8,2.4,3,1.8333,3.8,3
"11796","10011798",52.7886,75.1794,103.5188,97.7614,108.488,115.6385,126.2898,129.9683,147.1773,50.3835,71.3071,70.0485,87.8876,92.0407,101.5999,129.0365,120.0485,134.1097,37.1482,44.1014,35.1418,42.746,57.1878,61.2987,71.3909,76.9221,66.08,71.61,77.85,84.23,89.69,96.62,107.67,118.75,131.67,1,1,4,12,1,2.2857,3,3.2,1.8,2,2.6667,3.8333,4
"11952","10011954",45.6268,60.388,63.6284,90.8805,94.3892,112.9785,110.7872,109.9981,109.4945,34.2847,46.1518,49.8121,60.3272,60.8327,87.0682,99.5648,101.4278,117.4395,31.3032,31.2479,39.2888,44.1702,59.9362,68.6661,60.2057,71.5391,68.35,74.86,80.12,86.53,92.12,98.96,109.97,123.91,134.89,2,1,2,5,1,3.1429,3,3,1.6,1.5,4.6667,5.4,4
"12004","10012006",56.9354,67.1337,73.2631,94.2838,113.2904,119.9394,141.9299,137.7724,149.875,36.3466,60.6664,72.2228,73.3366,87.2011,86.7297,95.9535,123.5089,128.0735,43.0086,48.9719,51.4651,55.809,66.4556,78.5548,77.0609,86.5275,64.34,70.32,76.11,82.03,88.11,94.06,106.85,117.83,128.91,2,1,1,13,1,2.5714,2.25,4,2,2.25,4.5,3.5,8
"12085","10012087",55.3547,74.3456,111.0302,127.442,135.5341,132.1739,131.4841,148.7774,151.7582,36.2709,57.5357,64.1134,69.5797,83.2189,79.7305,116.7285,125.3427,123.3437,33.7946,45.4231,56.8413,61.3767,63.0301,66.4709,72.8867,84.6521,59.21,64.5,70.06,77.62,83.34,89.79,100.64,112.64,124.64,2,1,1,16,2,3,3,3.2,2.2,1.25,4,4.6667,6
"12107","10012109",50.7516,57.3104,59.1224,82.5565,92.3569,114.2346,117.6525,127.2843,121.8516,39.0058,42.8424,51.3742,66.1615,66.8036,83.9351,108.7605,114.8894,122.1149,22.5833,22.9278,27.4269,35.2115,40.2721,49.9112,55.0672,69.6643,70.09,76.04,82.92,88.44,93.53,99.42,111.72,124.73,135.75,2,3,2,7,1,2.1429,2.5,2.4,2,1.75,4,3.6667,5
"12252","10012254",54.0411,70.5255,95.7742,107.8572,102.4828,110.6455,115.5499,140.486,129.5777,25.0522,51.1561,72.9981,75.6305,77.5646,88.5987,103.0614,100.7718,136.0357,35.8168,28.909,48.9553,51.8965,51.9761,64.6853,63.7087,73.1009,68.75,74.53,80.75,85.71,90.64,97.45,110.47,121.55,133.51,2,1,1,11,1,3.8571,3.75,4,1,2.25,5.1667,7,5
"12257","10012259",52.0044,53.5848,60.2774,78.6742,78.9167,84.1897,104.4883,130.51,110.8095,25.9723,33.58,43.2746,52.1076,63.525,59.8752,74.1562,89.2307,92.6038,36.9347,36.5009,42.7749,42.9025,46.4015,47.3665,64.0541,68.1698,62.14,68.61,73.87,80.78,86.56,92.94,104.75,116.81,128.78,2,2,2,6,1,2.8571,3,3.4,1,1.25,5,5.2,5
"12284","10012286",53.3179,62.4236,62.7988,78.9344,80.0422,97.1152,115.0204,118.3478,120.4724,30.7929,53.3222,54.1564,72.7433,65.5275,89.5358,110.9227,124.69,134.7587,31.6111,35.2931,38.3618,45.0564,38.6922,53.3941,57.2117,61.8096,68.71,74.5,79.82,86.24,91.04,97.64,109.22,122.24,132.26,2,1,4,6,1,3.5714,4,3.4,1,1,6.1667,6.4,3
"12310","10012312",47.4226,64.6079,67.943,95.6246,103.102,112.0681,124.1296,144.8904,139.5636,34.8813,57.4046,65.3459,81.6085,94.49,102.8349,117.9787,137.5584,140.796,28.7191,38.0803,44.0745,54.807,60.4039,65.0461,72.1672,77.1239,60.62,67.5,72.59,79.04,84.76,91.17,102.48,116.38,128.38,2,1,1,15,1,3.7143,3.5,3.4,1,1.75,6,6.3333,8
"12338","10012340",46.5239,63.1873,71.5949,100.0007,91.9845,96.4983,106.9796,111.3399,115.3504,29.3776,33.0717,47.8361,64.4846,62.8794,70.0039,79.4308,87.1608,89.7112,29.5685,36.995,40.791,38.5473,54.1479,58.7268,68.0436,61.6922,68.32,73.84,80.91,87.35,92.15,98.47,110.17,122.14,134.14,1,1,2,10,1,3,3.5,3.2,1,2,4.3333,5.6,6
"12382","10012384",67.8976,95.3404,100.532,127.0895,137.2359,136.4767,151.1428,151.5876,146.6791,52.7557,53.6099,70.227,79.9124,94.6487,116.5661,117.9427,130.4312,139.9677,40.5812,56.1347,67.2478,77.1869,86.2891,87.6123,88.5009,89.6573,66.48,72.43,76.41,84,89.26,96.39,108.16,120.13,132.13,2,1,4,10,1,4,3,4,1,1,6.6667,6.6,5
"12385","10012387",65.4987,72.9351,95.662,110.0975,119.8824,142.3746,151.1428,154.255,158.6775,51.4858,75.3114,87.1199,103.5339,113.5416,120.6885,130.5123,139.3826,143.0308,51.7993,61.291,62.1176,63.1231,80.6708,73.035,84.0147,89.9991,67.1,73.55,78.87,85.28,90.87,97.68,109.68,122.7,132.72,1,3,2,17,1,3.5714,3.25,3.8,1.8,1,6,5.4,8
"12394","10012396",62.2388,75.1669,86.0102,109.0296,119.524,123.5365,141.2732,143.5607,139.6853,49.3021,50.5544,51.6834,81.3197,86.8142,93.5688,106.3743,116.3621,128.1618,39.1768,45.9003,62.4547,54.6243,67.3149,69.2512,83.1113,78.8359,72.46,77.92,83.44,90.44,96.82,102.74,112.9,125.92,137.82,2,3,1,10,1,3.7143,3.5,3.4,1,1,6.5,5.8333,5
"12404","10012406",39.3243,56.9663,55.915,70.9539,77.9694,86.0543,105.6477,119.0378,112.0069,17.8089,34.3679,36.2656,52.8801,49.9111,69.4859,78.9064,87.7426,91.7342,30.0678,27.4278,25.2586,33.2159,36.199,45.5565,61.9516,61.8324,66.44,72.07,77.98,84.1,90.44,97.22,107.38,121.32,131.34,2,3,2,5,1,1.8571,1.75,2.2,1.8,2,3.5,4.75,3
"12449","10012451",67.4868,81.9803,101.6405,114.8288,123.2239,125.6271,142.7545,142.3311,150.7637,40.6459,60.7384,64.1338,83.163,104.0867,96.5203,128.8781,127.7466,139.3319,41.7182,46.6178,51.4686,65.543,65.9384,70.8536,76.0792,88.5313,66.77,73.87,79.63,85.61,91.79,97.35,109.12,121.12,134.07,1,3,2,11,1,2.4286,2.75,2.8,2.2,1.75,5.3333,4.6667,5
"12464","10012466",53.853,63.278,71.0474,102.386,113.1455,126.1515,139.0815,147.2398,149.6405,41.9332,58.919,69.2959,88.1152,91.6792,109.2717,122.4823,119.2377,135.0612,35.7539,35.9763,53.8406,57.0347,64.8454,72.2202,78.601,86.8777,68.61,73.41,80.12,85.35,91.4,97.41,109.61,121.58,134.53,1,1,1,18,1,3,3.25,2.8,1.4,1,4.6667,4.75,8
"12469","10012471",80.2524,100.189,99.8029,125.2543,136.7131,137.6565,135.1642,150.7491,158.4601,75.119,83.191,86.6123,102.1076,106.5563,112.0414,133.6373,140.7644,143.5706,45.3785,54.7734,57.4659,73.7797,71.0058,73.3477,79.5636,89.5603,61.87,65.75,71.74,78.38,82.95,91.07,100.9,114.87,126.9,1,1,1,16,1,2.1429,2.75,2.2,1.8,1.3333,4.6667,4,8
"12553","10012555",52.8208,73.5988,72.4563,88.3639,104.6815,114.8008,107.3131,116.8478,126.823,25.0427,46.5803,49.3939,68.6451,81.3842,65.2293,90.6116,95.2166,106.7077,33.3736,33.9891,47.8043,47.9442,52.8297,57.3863,60.2073,73.8085,64.5,70.39,76.41,82.13,88.44,95.28,105.9,117.9,129.9,2,1,1,11,1,2.7143,2.25,2.4,1.8,1,4.6667,4.8,3
"12559","10012561",50.0192,64.8901,75.7344,89.4687,95.578,104.6658,118.0733,123.6684,128.8249,43.0768,54.798,66.3399,79.0476,90.8903,91.5085,107.4739,128.2674,128.3978,32.5953,34.7029,43.207,43.4608,46.1204,65.6637,72.5398,74.0896,67.46,72.95,80.05,86.5,91.3,97.58,109.32,121.28,133.28,2,1,2,11,1,3.8571,3.5,3.2,1,1.5,5.3333,5.25,5
"12580","10012582",57.3091,60.3418,68.3899,71.433,81.6848,94.6649,125.1671,136.3705,148.1601,36.6143,33.9252,54.4673,62.3582,67.7218,74.2297,111.0759,118.8685,122.6836,36.6371,47.2922,51.9212,52.0825,61.7527,75.3431,72.4107,82.7308,70.65,76.64,81.9,87.62,93.11,99.68,111.19,124.11,135.12,2,1,2,16,1,2.2857,2.75,2.8,2.2,1,2.2,4,6
"12597","10012599",40.4203,72.972,91.3163,108.1426,116.9367,123.1045,131.3232,148.0845,154.8208,24.4868,46.7891,46.2153,61.4547,66.5792,85.7702,108.3794,114.2073,126.1177,40.2694,43.7576,50.1828,53.1839,62.9227,71.609,77.8301,82.7407,61.18,68.38,73.41,79.36,85.55,92.32,103.5,114.58,126.58,1,1,1,4,1,2.7143,3.6667,2.8,1.2,2,5,5.4,5
"12627","10012629",46.5564,58.6317,67.7554,77.0405,95.662,112.2841,126.8168,140.5913,143.1975,44.2035,51.4277,54.3842,80.8134,75.8309,101.6487,102.5722,115.7693,117.6822,23.7642,30.6235,44.0074,47.8546,60.7116,63.6507,74.7744,83.1057,65.42,69.53,76.01,81.01,88.6,94.85,104.22,117.27,129.17,1,3,1,2,1,2.8333,2.5,2.2,1.4,1.5,2.3333,3.8333,3
"12666","10012668",52.8834,68.5106,71.8739,103.8392,104.8017,118.1434,129.202,129.5108,148.6889,41.2743,45.5076,64.2259,82.2416,85.6978,95.6002,111.945,126.3702,134.1929,30.1156,25.0034,36.4367,44.1987,54.8948,66.1065,63.3295,75.4848,71.93,76.08,82.29,90.05,95.87,101.62,110.99,126.02,137.03,1,1,2,17,1,3.1429,3.6667,3.6,1.2,1,5.3333,5.3333,8
"12670","10012672",42.0491,62.2663,65.5801,90.5514,97.6365,107.6906,119.0671,123.127,135.1361,19.5814,31.5254,28.7966,59.7347,59.0636,72.1621,86.9536,101.3238,101.6401,22.1342,26.0608,32.0015,33.7172,38.7013,51.2084,62.9645,63.4271,62.6,67.66,72.82,79.4,84.72,92.55,104.52,116.52,127.53,1,3,1,7,1,2.2857,3.25,3,1.6,1.75,2.5,3.8,3
"12671","10012673",52.3945,68.5525,73.7803,101.7921,94.174,120.4801,129.5027,137.372,150.5747,39.3759,48.5851,46.3807,68.531,78.534,85.5242,93.879,96.8005,115.8742,29.7607,32.3077,39.3747,49.3985,45.3246,51.5406,59.7395,71.8751,68.35,73.74,78.58,85.35,91.17,98.53,109.28,121.35,132.33,2,3,2,12,1,3.8571,4,4,1,1,6.1667,6.3333,3
"12695","10012697",61.0164,71.7662,87.4226,112.0625,126.68,127.5537,135.7488,151.5659,155.6381,59.927,60.6218,80.2512,88.6739,94.6249,112.2911,125.7578,137.2622,140.4646,43.5507,47.3662,52.8297,59.1892,65.0437,72.5431,85.0719,88.4569,65.79,70.62,76.8,83.51,89.23,95.47,106.39,118.36,130.39,1,1,4,17,1,3.1429,2.25,2.2,2.2,1.25,4.8333,3.2,7
"12717","10012719",61.8968,64.7563,85.259,103.9376,99.2961,113.9492,127.989,123.5216,139.2508,32.1587,46.5372,64.185,66.1431,76.9441,74.8634,97.4328,112.5615,114.5568,22.0569,30.7195,40.0638,43.4211,48.424,57.6354,67.6313,79.1095,64.93,71.54,78.64,84.16,89.79,95.87,106.45,119.47,131.51,2,3,4,3,1,3.1429,2.5,3,1.6,1.25,6,5.4,3
"12734","10012736",48.7766,58.1815,62.714,92.5752,96.5503,116.1515,111.4865,135.063,124.9415,32.4059,35.3334,47.1005,60.3395,59.5771,73.1774,105.4683,109.0273,113.049,35.7693,30.8891,40.3128,35.3526,35.1615,54.7101,71.7404,70.5777,60.92,65.85,72.46,78.87,84.23,90.67,102.64,114.64,125.72,1,1,2,17,1,2.7143,4,3.6,1.2,1,4.3333,6.4,8
"12758","10012760",57.5091,81.117,107.9056,114.8513,127.2798,128.5663,130.5019,146.3785,156.9726,47.4305,64.6259,66.7111,84.2429,84.3316,102.323,111.5431,128.6831,129.9302,35.8203,48.2285,48.8323,66.728,63.1728,73.6808,78.45,87.4283,67.27,72.79,79.07,85.48,90.94,97.84,108.89,119.97,132.89,2,1,4,16,1,4,4,4,1,1.25,6.8333,6.8333,8
"12804","10012806",49.5752,62.0883,77.4407,91.0806,101.3582,121.841,120.8613,122.9044,136.4709,34.0995,37.398,49.3044,60.0603,64.2668,74.0409,92.7697,85.7582,108.7626,34.8898,41.6661,43.5979,56.2857,73.9022,67.5792,76.5026,85.0641,69.3,75.12,81.76,87.45,92.28,99.12,111.88,122.99,134.96,2,3,4,8,1,2.8571,2.75,3,1.6,1.3333,4.8333,5.5,2
"12825","10012827",83.4023,90.7851,85.3737,87.3817,97.4783,98.5929,128.0651,129.6183,136.48,41.4898,59.3459,69.3647,88.5273,99.8435,99.803,126.8876,133.6008,135.9601,21.5566,23.5816,27.4546,55.7767,45.3523,63.2518,65.4225,86.3442,74.47,81.17,86.7,92.45,99.29,105.5,116.84,128.84,140.88,1,1,2,16,1,2.1429,2,1.6,1.6,2.25,3.8333,3.4,5
"12873","10012875",53.469,59.4987,57.8174,77.8733,76.2625,88.1686,109.3679,113.0215,114.9416,29.9295,39.5847,48.5097,55.1224,44.2258,65.4185,67.0723,86.0841,79.429,37.1569,38.6715,50.6445,47.5548,55.9688,69.6173,69.8372,72.7166,74.6,80.38,84.03,92.12,98.07,104.55,115.63,127.63,138.64,1,1,4,11,1,1.8571,2.25,2.2,2,1.25,2,2.6,3
"12958","10012960",53.687,67.5916,86.7143,95.2336,99.35,102.6717,120.2076,137.472,138.9596,32.3739,55.1009,58.415,80.5082,83.6744,109.1381,118.7307,114.3029,123.5109,21.8668,30.8545,34.4059,46.3417,59.1155,64.4169,72.1655,78.2322,62.14,67.04,73.68,79.4,85.55,91.63,102.38,114.38,127.33,2,3,1,3,1,2.4286,3.3333,2.6,1.8,1,4,3.25,3
"12997","10012999",43.1768,61.071,61.3462,59.7798,69.7585,71.3907,80.5706,84.9234,110.5399,27.8014,39.1312,44.7067,52.5987,61.4846,68.3169,93.4429,97.7228,108.7563,22.187,24.8021,28.3974,32.1229,50.0277,56.3314,50.3049,60.6505,69.76,76.73,82.59,87.19,94.09,100.04,112.14,124.11,136.14,1,3,2,8,1,2.4286,2.5,2.25,1.4,1,4.1667,4.3333,4
"13000","10013002",57.4707,71.5843,80.5951,102.4267,116.5354,120.7876,138.6868,138.8821,145.6677,42.5635,55.7063,78.9986,90.0883,98.3511,107.2501,112.6004,131.8909,135.9706,37.4456,50.8778,57.1626,55.4417,55.4171,75.4896,75.4059,85.5852,67.07,71.18,77.49,85.22,91,96.79,106.16,121.15,132.16,1,1,2,17,1,3.7143,4,3.6,1,1,5.5,5.8333,8
"13011","10013013",55.3258,68.6928,84.771,114.117,132.2537,132.014,144.9356,141.2829,153.6502,48.1578,59.1151,68.7513,95.1377,94.7321,118.7764,125.4578,131.2956,144.5112,39.7804,47.6179,57.6787,59.0976,64.1581,70.479,78.4778,89.2883,65.85,72.07,78.97,84.49,89.59,95.51,107.77,120.79,131.8,2,1,2,18,1,3.1429,4,4,1,1.25,4.3333,4,8
"13104","10013106",52.6903,66.7666,99.2421,108.2234,115.5878,125.0846,125.8677,133.6728,148.1844,26.442,46.5122,60.5623,76.1467,76.9095,90.8826,90.6404,110.2874,109.1972,40.824,43.2948,48.0273,46.8495,47.2457,67.0408,73.063,70.9655,70.39,76.6,84.43,89.56,94.49,100.37,113.29,123.32,137.33,1,3,2,8,2,2.4286,2.25,2.4,1.8,1.25,4,4.4,4
"13116","10013118",53.011,65.8676,74.3788,103.5188,115.9766,116.0161,127.1975,140.4711,145.0301,27.5057,37.6288,46.6892,58.9778,64.7905,75.3634,80.3688,104.2786,108.2697,37.6412,44.2736,48.7775,58.8291,57.7589,53.0775,76.6755,75.327,59.9,65.92,71.64,77.56,83.64,89.59,102.38,113.36,124.44,2,8,1,17,1,2.4286,3.5,3.8,1.2,2,3.6667,3.6667,8
"13192","10013195",100.1096,113.8989,132.3707,128.1055,133.257,136.4767,140.3322,150.3674,157.7241,44.0186,63.0158,84.2713,100.711,101.6162,115.3168,125.4773,129.4156,134.1749,46.4204,59.287,59.0936,64.337,70.702,73.5234,86.6663,89.7516,68.22,74.66,79.73,86.6,92.58,98.99,110.4,120.43,134.4,1,1,1,16,1,3.1429,3.25,3.5,1.6,1,4.8333,4.3333,8
"13203","10013206",46.793,73.4361,65.6557,80.8554,82.7802,106.8932,108.0347,111.5069,110.2991,27.0993,49.5018,51.3951,64.5745,68.3954,73.313,80.4161,108.1325,110.025,26.3081,37.4969,39.4953,43.3609,51.7481,64.2138,63.3295,68.1379,61.45,68.12,73.18,80.02,85.78,92.22,104.22,115.3,128.28,1,1,4,5,1,2.2857,2.5,2.8,1.2,1,3.8333,3.6667,5
"13215","10013218",44.9227,57.7091,69.5141,79.941,88.7355,104.9325,124.2532,127.5423,146.3081,31.5653,44.9986,50.885,55.5792,65.9026,70.2494,98.2954,104.7514,123.9962,28.3895,39.8662,40.1935,47.0615,61.5523,58.9593,66.9265,70.3785,63.88,69.86,75.65,81.6,87.65,93.57,106.39,117.37,128.45,2,1,1,14,1,3.1429,2.75,3.4,1.8,1.3333,6.3333,6.2,6
"13263","10013266",52.3138,78.0382,90.6768,105.9215,109.4155,125.0394,121.5531,131.162,139.5602,37.0077,53.8746,54.4697,72.2054,85.1783,94.8672,110.1729,127.4383,120.746,32.76,37.9544,48.6698,59.5128,58.6111,64.6486,78.5379,82.8562,58.88,65.33,69.96,77.06,82.55,89.03,100.34,113.29,124.34,1,3,1,3,1,2.5714,2.25,2.4,3,1.25,4.5,3.1667,6
"13291","10013294",55.9717,73.2631,71.2328,93.3562,104.3583,123.1499,135.8634,138.8459,149.1372,52.215,58.393,69.4721,70.0095,85.1244,91.462,110.0291,117.9306,125.8318,44.0134,54.0668,59.4568,61.5972,66.3906,65.8901,77.3172,81.7363,72.36,77.42,82.26,88.9,94.42,100.96,111.91,123.91,135.91,2,1,4,4,1,3.2857,3.25,3.4,1.8,2,4.8333,4.8,3
"13402","10013405",51.973,59.5923,68.6646,81.3909,76.9871,94.3204,112.0131,125.4217,133.3683,46.7846,38.1232,43.5438,58.5518,53.9243,62.3105,93.0545,103.4617,112.9815,20.4012,26.0139,30.4005,35.0722,42.4262,41.5254,65.4795,75.7352,61.58,67.23,74.1,79.17,85.87,92.02,103.36,115.43,126.38,1,3,1,17,1,3.7143,3.25,3.6,1.2,1,5.8333,6.3333,3
"13430","10013433",42.3722,50.3607,56.584,73.7392,73.1484,84.3491,100.4119,123.2194,117.6044,29.0945,32.9472,44.266,58.2831,64.9658,72.1823,84.1861,107.8639,104.0917,23.1091,19.1666,27.2406,26.1859,36.1318,50.8332,52.025,51.5133,61.61,67.63,72.23,79.36,84.89,91.3,102.64,115.59,126.64,1,3,1,4,1,2.5714,2.25,2.6,2.6,1.75,5.5,3.8,3
"13458","10013461",53.3908,72.9748,88.3972,104.6502,115.7624,115.6216,130.6303,129.7722,141.7051,45.1222,45.704,64.1006,89.3992,102.8959,106.9986,125.2627,139.0523,137.4062,30.6714,33.7095,45.5389,66.3466,64.4369,71.2142,74.8845,89.111,63.16,68.42,76.31,81.07,89.16,94.26,104.58,117.53,129.6,1,5,1,6,1,3.7143,3.75,3.75,1.2,1,4.6667,5.1667,5
"13477","10013480",69.4752,83.1268,95.3544,114.1226,124.507,127.3022,140.7603,138.1287,146.4064,39.1863,60.4534,65.8269,83.6322,88.2012,96.4722,106.8016,106.7397,112.3891,40.1976,45.2985,53.8167,54.2773,67.4952,71.4825,77.427,83.6369,66.18,72.39,78.35,84.3,90.28,97.25,107.84,118.85,132.79,2,8,2,17,1,3.8571,4,3.8,1,1.5,6.8333,6.8,8
"13486","10013489",62.1258,86.5688,91.9669,101.7314,105.1841,112.1511,120.7856,120.0416,126.5058,38.4888,52.7159,71.5325,81.5915,94.5297,89.4181,104.6777,114.8245,121.2043,28.3376,38.1428,30.7117,43.2685,49.2274,41.2731,45.8101,58.4467,74.37,80.78,87.09,92.52,98.99,104.78,115.99,128.98,139.99,1,1,2,18,2,3.5714,3,3.6,1.4,1.5,5.6667,6,6
"13487","10013490",45.6205,79.9554,97.7422,102.1368,128.461,141.6891,141.1441,152.2775,153.7272,49.2769,77.2472,65.206,81.967,81.4351,118.6974,126.0536,126.3585,139.2695,36.1018,44.5204,54.1608,50.1487,73.8634,70.668,71.7421,84.9481,70.75,78.54,83.31,88.31,95.05,101.23,112.54,124.6,135.55,1,3,1,16,1,3,3,3,1.2,1.25,5.3333,5.6667,5
"13489","10013492",74.7129,82.4393,90.6768,98.9925,118.4613,128.7048,128.1944,144.5798,148.9483,48.7819,66.4713,70.507,88.7868,100.419,108.4012,111.1215,119.3992,124.1688,40.8461,37.5758,49.9205,54.6168,59.6992,67.8821,74.5342,69.6996,67.3,72.59,77.39,84,89.56,97.22,107.77,118.82,132.79,1,8,2,15,1,2.8571,3.5,2.6,1,1.75,5.3333,6,6
"13552","10013555",46.5818,55.7977,59.7709,107.0533,104.5302,124.1668,124.5546,127.4536,146.9342,34.1351,40.3966,53.2045,66.1353,73.6594,89.0735,105.4963,111.605,118.3249,33.8534,37.8961,49.1789,48.9703,53.7159,59.2147,80.5243,82.7025,62.47,68.48,73.97,82.49,85.71,92.12,104.32,116.42,129.4,1,1,1,16,1,3.7143,4,3.6,1.2,1.25,5.8333,6.5,8
"13556","10013559",54.299,72.8166,86.1544,109.8298,126.2134,122.399,125.953,151.385,154.0231,30.3325,58.1124,68.2088,85.333,97.7986,103.3673,124.1943,123.8568,133.1637,43.1237,43.6437,50.2119,50.3591,65.6099,63.5297,70.6396,80.7701,70.65,76.47,83.31,88.37,95.31,101,112.8,124.7,135.75,2,1,1,18,2,2.2857,3.6667,2.8,1,1.3333,4.8333,5.4,6
"13569","10013572",40.9264,60.1295,69.592,90.1597,101.0668,115.4921,109.6675,123.66,126.5514,29.5678,36.4474,56.1603,69.1558,71.8766,78.2241,87.0454,100.0823,107.8576,29.3098,29.9697,32.4411,44.4767,51.6214,48.1739,49.0407,65.2635,62.37,67.89,74.99,79.79,86.01,91.99,104.22,116.28,129.17,2,1,2,17,1,2,2.6667,2.2,1.4,2.25,3.8333,5.8333,6
"13616","10013619",49.7256,68.4641,71.136,85.9943,96.5361,112.6782,125.8843,121.2797,125.0334,35.0082,59.8678,65.7956,81.7858,91.5357,106.889,121.1746,127.8274,126.5932,34.6081,30.4655,31.2519,72.1564,51.6513,64.8322,53.6786,67.3571,69.14,75.09,79.99,86.6,92.38,98.43,110.3,122.33,134.33,1,1,4,14,1,2.8571,2.25,2.4,2.2,2,4.8333,4.5,3
"13637","10013640",60.6647,72.904,84.0384,104.1711,112.8394,128.3888,132.4189,131.9963,146.6083,38.1667,49.7155,56.2638,68.0011,77.871,77.5806,99.4263,112.0746,119.4311,22.7583,26.0063,31.4172,39.9413,36.8229,61.7476,58.1274,74.3276,74.5,79.36,85.58,91.33,96.85,103.3,114.18,127.1,138.18,2,3,2,2,1,4,4,4,1,1,6.5,7,2
"13668","10013671",64.536,67.3471,83.1803,114.5651,126.2753,141.8094,133.4301,147.8622,154.0231,50.589,47.146,55.1176,84.4026,78.6928,100.3177,104.5672,119.5746,130.9957,36.2688,43.7918,46.1204,52.3298,60.3655,70.5359,70.2647,77.0955,72,75.48,81.47,87.81,93.21,99.85,111.81,122.83,134.83,2,1,2,18,1,2.7143,3.25,3.6,2.4,2.5,3.8333,5,8
"13728","10013731",52.0758,75.9939,92.5395,113.2179,120.0247,134.1261,131.0124,139.0146,151.2179,34.1449,49.2562,63.0638,72.8603,77.855,104.5824,113.6046,124.8798,141.9222,31.2308,32.553,40.926,35.5262,55.828,63.9444,71.5824,80.9146,66.74,72.26,78.02,84.13,89.69,96.82,107.41,119.38,131.41,1,1,4,16,1,3.7143,4,4,1.4,1.5,4.8333,4.6667,6
"13731","10013734",64.7622,70.7631,96.1306,115.7343,119.8085,137.6709,121.2566,131.504,132.3424,41.6151,52.9858,69.1668,79.8429,92.681,85.6941,104.9937,122.6639,118.9484,42.3889,51.6777,50.6358,51.2168,60.4302,55.6969,77.0089,74.4806,65.36,70.19,77.75,84.16,88.27,95.24,107.51,119.54,131.57,1,1,4,6,1,2.7143,3,3,1,1.25,4.6667,6,8
"13752","10013755",42.3614,56.6324,53.6565,59.1011,68.1093,71.2223,81.642,97.9226,107.2637,23.7936,41.2659,37.9723,45.6611,55.3805,64.7828,79.2682,108.7248,112.8382,38.4931,42.6434,43.308,47.9735,45.4895,55.8728,67.3588,81.8071,67.76,74.7,80.19,86.66,91.43,98.33,110.37,122.37,134.4,1,7,4,14,1,4,3.75,3.8,1.4,1.25,7,6.6667,6
"13759","10013762",44.8264,64.9989,75.2825,95.9475,96.4416,104.275,105.9362,124.3641,109.8932,27.9752,39.5967,51.9373,64.7236,77.9319,89.9051,93.0119,94.9034,108.5669,22.6913,34.0248,34.3935,41.3298,40.547,41.9841,46.9099,51.5474,63.85,70.52,76.01,81.8,88.6,94.85,106.19,118.19,130.22,1,1,2,16,1,2.2857,3,2.4,1.6,1.3333,3.6667,4,5
"13762","10013765",48.0159,55.4688,66.1464,89.6216,94.8955,119.2567,117.042,127.152,125.0292,25.0748,35.4439,48.6789,65.9156,72.035,97.2431,89.3139,104.7535,109.9499,22.6354,33.2756,40.9247,49.6259,49.756,63.9461,59.8686,68.2069,61.84,67.66,74.53,80.19,85.74,91.79,102.51,114.54,128.52,2,3,4,4,1,2.8571,3,3,1,1.5,5.8333,5.2,2
"13776","10013779",49.0328,64.5729,70.0577,77.9591,90.7591,104.6606,119.5017,134.592,147.1414,32.2585,55.7878,55.1486,76.9,66.7085,74.1607,103.3787,104.3959,114.7475,27.5587,27.9359,35.1093,34.7303,36.4706,55.3456,66.0663,70.653,71.34,75.48,83.24,87.55,93.11,98.89,112.04,122.14,135.09,1,1,2,16,2,3.7143,3.6667,3.8,1,1.5,3.8333,5.6667,3
"13823","10013826",55.1531,66.9353,82.1868,105.1474,106.3824,127.1958,118.0943,120.4388,134.7243,38.3225,53.0634,57.9832,70.3921,67.5746,76.8246,103.7432,110.1271,119.2178,38.3579,35.0098,44.4616,47.3887,49.1187,69.4192,63.991,77.3815,71.05,76.31,83.97,88.93,94.03,101.65,112.5,125.46,136.5,1,1,2,6,1,3.5714,3.25,3.6,1.6,1.25,4.6667,5.5,5
"13832","10013835",59.0344,69.2434,71.7259,95.0435,102.152,112.0404,112.4325,133.4822,132.5657,33.8417,47.2165,53.2798,69.0763,69.5576,72.3213,90.2003,111.9285,120.4799,23.8991,18.4589,31.8415,33.8412,41.1017,55.5989,74.4383,78.8006,68.61,74.17,78.58,85.58,90.87,97.32,108.59,121.58,133.61,2,3,1,2,1,3,2.3333,2.75,2.2,1.25,5.5,6,5
"13859","10013862",58.8976,72.3127,64.3009,77.7023,85.0224,104.6397,116.4952,120.4283,118.9727,48.3588,54.6956,55.8286,69.1641,71.5125,81.6459,100.9737,106.3828,119.5248,28.772,31.7388,44.4902,47.4773,53.7452,55.421,63.4817,60.3018,74.27,80.94,86.7,92.45,98.14,104.81,115.69,126.67,139.63,1,3,1,16,1,3.1667,3.6667,2.8,1.8,1.25,5,4.75,5
"13877","10013880",64.4181,83.0924,92.3392,113.1957,120.9299,136.1893,145.0639,144.472,156.2059,40.6562,59.7125,67.345,86.9871,106.2924,121.3334,131.52,136.0743,138.706,32.1385,42.9446,49.2341,57.2791,67.0403,71.6905,80.3503,85.3363,65.03,71.74,76.7,83.41,90.48,96.33,106.85,118.85,130.82,2,3,4,1,1,3.8571,4,4,1,2.25,5.3333,6,3
"13980","10013983",63.4221,69.4728,74.3727,90.3359,95.8256,104.3531,109.6192,126.7899,127.95,44.0542,61.0687,56.5337,66.8644,74.8392,77.3106,112.8771,106.143,114.0263,36.3315,31.1497,45.2632,46.4504,49.8289,64.4586,60.5443,72.2799,73.15,78.67,83.05,90.08,95.38,101.82,114.15,127.07,138.15,1,3,1,16,1,3.1429,2.3333,3,1.4,1.25,5.3333,4.6667,5
"14008","10014011",54.8921,73.1914,108.3314,130.3254,134.0589,143.0405,152.4702,152.7066,156.9702,50.0331,68.4658,79.8098,99.0461,101.0844,114.7046,126.1197,137.2691,145.6427,36.4864,45.1758,60.6022,57.0231,65.0729,77.0782,82.663,89.149,60.66,67.59,72.39,78.81,84.33,90.61,103.99,116.05,127.07,2,3,2,16,1,3.2857,3.3333,2.8,1,1.75,6.8,5.8,5
"14031","10014034",98.7048,111.0632,111.0522,130.4071,136.8701,142.3872,134.6865,148.7774,157.5617,46.687,64.5411,68.1359,90.6594,98.3713,123.5918,124.8446,126.7308,141.0808,40.4011,37.1705,45.7526,46.6511,58.8371,68.4104,74.4236,79.6362,64.27,70.95,75.09,82.42,88.18,96.07,105.96,118.95,130.95,2,5,2,17,1,3.4286,3,2.8,1.8,1.5,5,5,8
"14049","10014052",53.8683,68.2514,78.9979,95.1176,99.877,100.3329,111.0003,123.0682,123.7628,27.9962,50.3466,62.411,70.656,69.2849,71.9889,82.8252,102.7939,102.6908,31.9064,35.7693,35.3199,39.4581,43.9865,47.1597,56.7122,57.0528,63.65,69.4,75.62,80.61,85.45,92.19,105.34,116.42,128.42,2,3,1,13,1,4,4,3.8,1,1.5,5.1667,6.8,3
"14157","10014160",62.3543,67.614,76.2527,106.6109,106.9893,139.9607,133.4205,149.2349,154.8525,60.5029,66.1641,82.307,78.6636,96.1798,102.3839,115.9529,130.4953,139.9564,43.115,34.4399,47.4451,54.3402,61.3196,63.6789,79.1887,82.5384,64.54,70.75,76.04,81.57,87.98,93.96,105.27,118.32,130.22,1,1,2,18,1,3.2857,2.75,3.2,1.4,1,5.1667,4.25,5
"14274","10014277",40.1472,65.2282,74.3366,93.4014,86.3793,112.9729,115.5374,127.5876,147.6261,18.5014,46.2334,62.2653,74.7816,87.2824,108.0285,120.0504,127.9966,130.4821,22.7264,31.0399,47.212,50.0498,61.4808,56.2472,73.2424,71.0156,60.16,67.5,73.78,79.96,84.99,90.51,103.27,115.23,126.25,1,4,4,3,1,3,3.75,2,1,2.75,5,5.4,2
"14289","10014292",51.8933,61.1482,61.7242,76.3243,84.7475,89.4984,107.7626,126.7857,127.5402,36.0486,40.2717,48.5028,69.2684,79.0802,74.2237,101.5738,101.8697,113.5474,29.3615,31.989,32.7387,37.0691,42.6622,40.4877,62.7536,71.905,71.93,77.85,81.83,89.42,94.72,101.85,113.59,125.59,137.59,2,1,4,11,1,3.5714,4,3.6,1,1.75,5.5,6.4,5
"14295","10014298",57.5014,75.528,96.9439,112.5061,119.9223,135.8853,120.2076,145.0583,148.6605,47.2939,63.3601,65.3718,83.6322,98.9571,86.517,128.2348,127.8717,143.1943,39.1874,39.0613,31.8847,46.9036,44.2631,55.8012,61.1091,75.4252,69.63,74.93,81.4,87.58,93.53,99.55,111.12,124.08,136.08,1,3,4,17,1,3.1429,3.5,3.2,1.6,1.25,5.75,4.8333,6
"14345","10014348",72.412,73.4679,76.2527,103.4363,99.1099,108.5096,114.2294,120.9749,136.0845,47.6491,55.632,56.693,68.6125,72.1187,80.2079,86.8811,93.5418,97.5565,34.1838,33.4457,39.975,47.487,53.0246,61.1042,74.9638,74.0194,72.2,77.03,81.99,87.65,94.06,100.04,112.11,124.04,137,2,1,4,17,1,4,3.75,3.6,1,1.25,5.3333,6.3333,6
"14397","10014400",82.1229,102.3147,117.2083,123.9738,125.7287,142.5802,140.3836,151.385,156.2033,49.2838,60.7111,72.0725,97.1265,108.1987,112.0857,127.939,139.6437,147.2505,38.9265,42.7084,54.2865,65.2253,73.9736,84.6974,76.6406,88.8799,72.76,77.98,83.11,89.75,95.05,101.52,113.88,125.92,136.93,2,1,1,14,1,2.8571,2.75,3.4,1.8,1.5,5.3333,4.5,6
"14481","10014484",57.7899,68.1963,72.6594,92.4103,106.2074,115.0254,112.2483,112.2585,119.2078,29.0103,43.4643,53.2469,68.4848,76.1622,102.5139,102.2621,116.642,121.8816,22.9581,39.9427,34.4456,39.1243,46.293,56.1976,65.8163,76.9221,63.72,69.93,75.25,81.63,86.53,92.55,104.91,116.98,128.94,1,8,2,10,1,3.1429,3.75,3.8,1.2,1.75,4.6667,6.3333,6
"14519","10014522",51.6117,66.8941,66.0211,77.1543,98.0698,110.2946,126.9845,132.1421,148.2184,37.1365,52.6924,52.9318,62.8492,80.0882,92.3722,120.9108,125.2627,125.9855,32.2052,37.8139,38.7143,50.27,55.8337,68.8343,71.3225,84.0202,68.94,74.93,80.09,87.19,92.48,99.35,110.86,122.86,134.89,1,3,2,5,1,2.8571,3.25,3.2,2.2,1,3.3333,3.6667,6
"14523","10014526",47.1463,62.1292,88.5389,102.6461,108.488,124.9658,123.2656,128.6062,137.7405,26.0398,41.5896,46.4056,63.3195,64.4846,82.5173,102.3061,104.5239,117.2991,33.1445,26.7014,35.5414,40.6839,45.5528,60.8601,64.7237,69.9429,62.47,68.65,74.43,80.48,85.41,92.55,102.71,116.65,127.66,1,1,2,8,1,3.1429,3,3.6,2.4,1.5,3.8,5.25,6
"14542","10014545",41.2662,60.8492,72.0418,89.3967,97.5598,105.9374,115.7537,125.3132,128.1308,18.6166,37.2075,45.5482,59.3115,66.2506,65.5561,90.1076,78.7476,93.7464,24.591,25.9459,27.7928,25.0999,41.5522,50.5197,59.0932,57.0238,62.76,69.6,75.16,81.44,87.32,94.55,106.03,116.12,129.11,1,1,2,8,1,2.1429,2,2.2,2.4,2.25,4,3.1667,3
"14579","10014582",47.5867,54.7433,61.7225,80.9584,80.2306,96.8963,113.6101,121.4837,137.9721,27.622,43.0592,47.0618,64.9425,69.4363,76.4768,107.544,111.9512,115.0049,28.2666,26.7802,29.0469,39.3932,38.7806,52.3731,61.1366,70.6747,64.83,70.85,77.13,83.7,89.06,94.95,106.09,118.03,132,2,1,2,17,1,4,4,4,1,1,6.1667,5.3333,8
"14583","10014586",51.3007,66.342,71.9063,93.5144,116.6766,122.2851,144.4072,144.8251,154.2302,30.8607,45.9481,56.5747,77.7049,93.6792,104.7247,116.8391,124.8074,133.2682,40.4011,47.3228,58.9961,69.1987,75.2101,69.6845,83.0386,89.574,60.76,67.3,72.72,79.13,84.85,91.53,103.1,114.15,128.05,1,1,3,16,1,3,3,3.4,1.6,1.25,5.3333,4.6667,7
"14712","10014715",55.1201,68.5618,76.5929,96.0085,100.8565,112.8172,115.9805,125.9863,132.7492,40.7868,76.6896,80.2646,86.5646,109.3243,107.7812,131.9541,138.0658,139.1298,33.426,34.2558,40.1638,46.4346,63.0446,69.9663,71.3059,74.101,66.18,72.66,78.18,85.22,90.51,97.18,107.31,120.33,132.33,1,1,1,5,1,3.4286,3.75,3.2,1,1.75,4.6667,5.4,5
"14747","10014750",53.1748,63.5747,70.3634,94.1374,93.7548,104.426,106.828,123.9095,123.064,68.9915,79.1652,89.4181,104.3467,112.605,116.4784,126.7928,130.1062,138.6394,29.5368,41.7449,60.204,55.6421,64.5994,63.4619,65.5716,79.1507,72.16,76.9,83.24,89.39,95.24,101.23,112.77,123.85,134.79,1,1,2,16,1,2.2857,2.5,2.8,2,1.25,3.1667,3.3333,3
"14767","10014770",52.9353,64.5186,74.5848,101.3532,114.173,115.8413,135.1885,140.3438,147.1338,34.6787,46.6166,57.8445,64.0598,70.5407,81.0357,103.011,106.8527,115.0818,27.8039,41.2546,44.1418,46.3858,53.0879,56.4083,62.599,71.069,74.33,80.35,86.04,91.4,96.46,102.87,114.9,126.9,139.86,1,3,1,5,1,3.2857,2.3333,2,2.4,1,6.1667,5.8333,2
"14789","10014792",61.428,88.5014,85.1169,117.3668,119.5013,125.1808,138.2952,129.389,143.583,47.1255,54.2489,62.411,78.0024,86.7517,102.258,108.6006,117.1525,133.4493,41.3996,34.3155,39.6376,48.4997,52.3262,70.5359,68.8276,74.8181,65.95,71.67,77.46,82.68,90.31,96.26,107.87,119.84,130.92,2,3,2,6,1,3,2.75,2.6,1,1,4.5,4.8333,3
"14814","10014817",62.3439,75.9746,103.457,109.198,115.4584,142.7386,150.3299,150.1703,157.6068,54.7242,64.8626,85.2394,73.9812,84.0199,116.4505,139.1824,147.2216,143.846,40.9868,48.3302,53.1277,70.6458,74.7274,84.9481,82.7956,89.9064,60.16,66.18,74.43,80.12,85.08,91.76,103.5,115.46,127.46,2,1,2,14,2,3.5714,3.25,3.6,1,1.25,6,5,6
"14823","10014826",39.8738,56.0007,63.6265,82.6815,86.694,97.5598,105.7528,128.7269,129.2691,25.0629,37.3392,56.5964,64.5668,66.9094,66.9385,83.465,89.9335,93.2498,23.4671,24.2286,34.9279,35.0213,33.305,63.5695,56.4354,69.1353,67.04,72.33,80.02,85.87,91.2,96.03,108.07,120.99,132.95,1,3,1,5,1,2.2857,2.5,2,3,2,3.1667,3.6667,3
"14851","10014854",52.2534,66.1569,71.5364,93.528,110.8377,118.1378,124.1694,126.9431,145.7607,37.5861,53.0728,50.4551,67.8023,81.2587,91.0831,115.1365,117.604,120.8532,35.478,40.8778,51.6196,45.3446,54.6075,57.4708,67.3015,78.2229,65.69,72.07,77.13,84.03,89.39,96.3,107.61,119.57,131.57,2,1,4,16,1,4,3.25,4,1,1.25,6.8333,7,6
"14885","10014888",63.2362,73.4071,85.4093,98.929,90.504,104.1919,115.1968,126.6468,126.4788,41.8711,63.1929,73.1538,79.7074,75.0641,94.0267,103.8566,125.2256,128.943,29.9659,35.2651,35.3831,38.2195,52.3458,56.5668,68.6661,72.6109,61.35,68.05,75.65,79.76,84.79,91.46,105.67,115.76,128.71,2,3,1,13,1,2.4286,2.25,3,1.4,1,4.5,5,5
"14898","10014901",66.0461,81.4578,96.1918,106.7333,113.3684,139.0005,145.1116,142.4739,151.3298,41.545,56.5047,68.3061,68.5527,77.5997,95.2333,111.1422,113.2677,121.5986,48.8755,44.0686,53.7214,56.4486,58.0333,76.3135,76.5217,81.2974,73.35,78.84,85.05,91.46,96.95,103.86,114.9,125.98,139.96,2,1,4,15,1,3.5714,3.5,3.2,1,1.25,5.6667,6.1667,8
"14922","10014925",58.5628,68.3275,83.433,112.9395,128.3944,123.2011,129.6284,134.5087,152.7664,32.0532,46.0364,62.411,75.122,79.2176,88.4334,100.2894,121.3866,127.1584,31.3243,31.9756,51.6654,38.5008,56.967,65.8851,69.8171,80.9235,61.61,66.54,74.7,80.48,86.53,92.02,102.35,113.39,127.33,2,3,2,11,1,3.4286,3.6667,3.6,1,1,4.5,6.4,6
"14971","10014974",98.1664,108.38,117.0668,126.6407,134.5482,135.7551,130.6644,145.7251,148.8173,65.994,81.796,101.2345,108.1703,108.5308,106.2599,124.2943,138.9697,139.6486,40.7402,49.8764,51.2133,61.5421,66.6085,68.1883,83.1197,82.9741,76.5,82.95,88.77,94.45,99.95,106.36,116.75,128.75,142.72,1,1,4,16,1,2.7143,3.25,2.6,1.6,1.75,5.1667,5.6667,6
"15016","10015019",55.7006,82.3412,75.2825,105.9109,103.6272,111.7472,112.4612,127.878,144.1154,46.5667,61.9995,55.003,71.8076,78.437,76.4768,93.7216,108.5016,109.8101,46.8177,46.0735,51.2621,45.4278,50.7187,55.5188,73.0087,69.7231,71.64,77.65,81.8,89.85,93.8,101.26,112.21,125.13,136.18,2,1,4,4,1,4,3.3333,3.4,1,1,6,6.8,2
"15021","10015024",40.9111,57.4285,69.7167,80.4198,88.748,100.6167,108.9607,122.1837,139.6684,33.0889,39.4175,74.8817,76.3271,84.5521,88.5423,103.7607,115.0677,124.1041,38.2412,39.4595,42.3617,42.6002,48.2564,61.7558,68.0874,67.9511,67.2,73.58,79.43,85.08,90.64,97.05,107.41,119.41,131.41,1,3,4,11,1,2.8571,3.25,3.2,1,1,4,5,6
"15027","10015030",51.4677,61.3283,70.3382,98.9046,107.911,106.0432,118.111,131.3272,127.3628,23.7639,41.8882,53.1269,65.7383,67.087,69.406,100.1291,107.0871,106.8911,24.8316,25.7489,36.2724,39.8756,33.2029,58.6954,72.6952,72.6043,62.5,68.52,74.66,81.6,86.2,92.91,104.65,115.66,128.58,2,3,2,5,1,3,2.5,3,1.6,1.25,4.8333,4.6667,1
"15039","10015042",58.2635,74.0493,86.9982,108.7531,121.5165,128.4554,130.4155,142.4693,146.8487,39.1017,56.9855,69.3289,82.1076,74.2687,100.9261,99.3458,120.3328,122.9853,36.4125,32.8465,35.498,47.8742,49.7104,54.5311,76.5788,76.7578,72.72,77.59,83.08,90.9,95.67,102.9,114.9,126.94,138.9,2,3,2,8,1,3.4286,3.5,3.6,1.6,1.5,4.5,6.4,5
"15073","10015076",52.6718,65.8469,60.6397,84.5441,82.1154,101.8528,106.5724,120.9286,116.7706,25.7707,41.5853,44.9064,56.3529,67.2837,82.9227,86.9707,111.229,112.6825,23.2096,27.1729,31.8775,33.6136,43.399,59.9738,55.26,51.6032,64.64,70.36,76.34,82.29,88.93,96.3,106.68,120.69,130.68,1,1,1,17,2,2.2857,3.25,3.2,2.8,3,4.5,4.1667,6
"15081","10015084",46.4761,64.9157,63.895,82.4016,98.8558,105.6786,118.6266,126.057,135.2577,40.6624,50.0308,49.8512,56.9298,69.0188,81.6868,95.9851,101.9823,108.9958,36.3182,41.5677,45.4756,44.2481,59.9683,64.292,85.9288,78.026,65.1,71.34,76.83,82.75,89.72,95.77,105.99,118.95,131.93,2,1,2,7,2,3.4286,3.25,3.6,1,1,5.5,6,5
"15085","10015088",45.0753,56.0158,56.0263,64.9039,75.4522,76.7877,90.9322,108.429,123.897,22.2448,30.0628,35.8593,44.7605,56.6012,57.6451,66.2517,77.6871,97.7902,32.5455,39.5325,36.1318,41.527,39.144,47.385,59.1295,63.8066,65.36,70.49,76.57,82.59,88.8,94.52,106.09,119.05,130.09,2,1,1,5,1,1.2857,1.75,1.4,4,2.75,1,2.1667,5
"15108","10015111",58.2366,72.7659,67.0135,98.4278,88.3389,108.2828,123.4838,126.7505,138.4192,31.7583,42.2602,44.2481,71.9802,70.4481,90.6402,105.4102,115.6926,113.7187,31.8992,48.9653,42.2216,42.9882,50.7947,62.4955,53.7157,73.7987,64.64,70.16,75.98,81.9,87.68,94.36,105.44,118.32,130.39,1,3,1,7,1,3.4286,3.5,3.8,1.6,1.25,6,6.1667,5
"15149","10015152",56.9824,59.4681,69.7437,92.9152,102.0708,100.5669,119.4744,129.8895,150.2211,29.7606,35.0501,42.3964,44.0676,61.6893,66.7507,86.5366,105.0347,127.5,22.7875,21.964,24.3722,35.9619,52.2407,56.7941,74.6154,87.0931,60.03,65.29,69.7,77.26,84.13,89.88,100.04,113.03,124.11,2,3,2,13,1,3.2857,3,3,1,1,5.3333,4.25,5
"15168","10015171",39.3752,49.1853,52.9481,61.0806,69.7953,73.1028,99.2504,97.6332,109.1571,21.9289,29.4974,32.743,47.1801,54.8838,64.6233,69.7057,73.4874,80.5109,20.3287,23.5716,23.099,30.0564,31.5693,37.2252,39.174,43.7661,62.73,68.94,74.89,80.61,86.6,93.57,104.38,116.45,129.37,1,3,1,5,1,2.2857,2.25,2.2,2.6,2,3.6667,3.3333,3
"15187","10015190",42.261,43.323,68.0317,76.1263,76.1392,101.1421,98.1809,106.0748,127.8554,38.6426,43.2372,54.6885,63.284,68.2736,86.5133,94.3922,94.1603,115.4036,22.7606,20.3927,22.472,27.0292,36.818,39.6727,38.7246,69.1252,72.82,78.61,83.93,89.82,95.11,102.71,113.56,125.56,137.52,1,3,2,8,1,3,3.25,2.8,1.8,1.3333,3,4.2,3
"15332","10015335",55.5622,69.3856,97.3683,94.757,114.5147,119.3477,136.8107,135.3716,154.3817,39.5269,55.9727,78.2016,82.7943,93.553,105.4681,122.6816,129.5963,128.3153,44.6186,46.2301,47.9393,48.0175,54.8855,67.4311,77.3251,80.1203,63.68,69.4,75.19,80.42,88.04,94.06,105.6,117.57,128.65,1,1,2,16,1,3.5714,3.3333,3.6,1.2,1.25,6,6,8
"15421","10015424",52.6884,73.8332,81.5842,107.1228,101.6304,113.6139,114.188,124.7931,140.2543,31.8493,61.6119,68.7921,67.3503,74.6847,88.8508,92.1764,105.2679,114.1117,35.0479,40.4474,38.4879,49.8509,47.4451,62.143,65.8197,71.5458,72.69,78.41,84.66,89.42,95.74,102.08,112.93,126.87,137.85,2,3,2,9,1,2.2857,2.5,2.4,1.6,1.25,4.6667,3.8,5
"15428","10015431",61.1886,70.4773,76.6786,98.5103,104.8644,112.2121,119.065,109.9981,133.0236,34.7781,39.2631,51.0866,62.3507,68.6669,84.9021,101.461,98.1608,108.3351,29.3985,28.2928,31.2449,34.2885,37.3383,58.07,55.3486,58.553,66.21,70.06,76.5,82.72,88.47,95.38,106.98,118.92,129.01,2,3,1,3,1,3.7143,3.75,3.8,1.6,1.75,5,5.6,3
"15489","10015492",57.6663,69.5993,76.7215,104.1347,118.0753,126.3541,141.3295,140.3554,148.67,58.0344,59.6263,83.5725,100.0906,104.1395,112.3394,129.8392,133.732,137.7593,51.7993,44.1568,51.5616,65.976,62.9248,79.45,82.0245,87.9019,70.36,76.87,81.86,88.31,93.9,100.21,113.03,124.01,135.06,1,1,2,16,1,3.5714,3.25,3.2,1,1.25,5.8333,5.8333,8
"15605","10015608",46.6891,61.3462,69.6922,81.8081,86.2869,120.6224,121.4774,137.431,139.2833,27.051,39.7148,46.5032,65.6471,65.6341,90.898,93.6879,117.618,132.9893,36.2243,37.0876,38.3464,49.092,55.735,59.4648,75.3222,77.6616,62.3,68.52,74.53,80.48,85.68,92.02,102.94,116.91,127.92,2,3,4,12,1,2.7143,2.5,2.8,1.6,1.5,3.5,3.8333,5
"15607","10015610",55.9787,71.2433,81.6438,109.0405,116.541,120.6566,141.8952,135.0818,156.7364,39.1823,53.8155,62.0947,70.2745,83.576,96.3199,115.2842,115.5491,128.9754,40.6688,47.4935,52.9939,59.8116,66.8139,73.5578,76.4867,88.0514,67.86,73.84,79.63,85.51,91.53,97.51,110.33,121.32,132.39,2,1,1,14,1,4,4,4,1.2,1.25,7,6.5,6
"15637","10015640",54.6875,63.8762,86.9698,106.0167,99.5171,108.3584,127.4598,130.8526,147.7644,44.4223,62.0772,65.8399,85.9444,93.2539,113.0273,121.0001,133.5169,144.3901,34.7086,33.7791,42.5656,45.6208,50.3043,56.2457,72.323,78.8221,70.32,74.53,80.22,87.75,91.43,99.52,109.38,123.35,135.39,1,5,1,16,1,4,3.75,3.75,1.2,1.25,7,5.1667,8
"15671","10015674",66.5672,75.3421,87.4964,102.1825,107.8949,119.0919,115.5374,129.0656,130.5822,48.1121,58.2807,62.5543,77.6315,72.2344,87.8056,102.8071,101.8587,121.8677,26.9298,32.2825,40.4556,41.394,48.8605,60.7504,67.9729,75.8602,67.36,72.23,78.38,84.62,90.31,96.39,106.22,119.15,130.22,2,2,2,15,1,4,4,3.6,1,2,6.8333,6.6,5
"15796","10015799",69.7069,79.1679,75.5565,83.7215,90.0055,99.1931,93.9376,107.1058,126.3314,33.9574,49.8029,45.5482,58.2294,58.3027,66.574,84.9681,99.8772,105.7416,26.234,26.9379,32.7995,36.3243,42.2473,41.0626,53.7014,60.4639,75.29,81.3,86.43,93.47,99.19,105.21,116.02,129.04,140.02,1,1,4,16,1,2.5714,3.25,3,1.2,1.5,3.3333,3.5,5
"15800","10015803",54.4663,65.0028,63.1493,88.9747,101.3179,117.6387,128.7943,139.1551,133.7285,39.1469,44.3129,53.676,68.784,70.4565,80.6858,103.6974,110.8688,113.5597,38.8196,47.5435,50.2803,50.4552,60.3231,74.9994,82.8365,81.4228,67.07,73.02,78.97,85.41,90.9,97.81,109.84,120.92,132.89,2,1,2,17,2,2.8571,3,3.4,1.2,1.75,5.8333,5.8333,6
"15871","10015874",53.0188,68.5502,71.3511,90.6206,95.3869,117.0951,114.6039,126.8624,132.6028,37.3741,52.0749,61.7118,83.1665,87.2307,84.4773,87.7167,93.562,110.2666,26.03,36.8144,39.6256,50.0651,49.6563,68.6224,65.307,77.0845,67.53,73.55,79.3,85.25,91.23,97.25,110.04,121.02,132.1,1,1,1,17,1,3,4,4,1,1,6.1667,6.3333,5
"15873","10015876",49.1655,57.5978,64.1215,66.1841,96.0132,117.1177,113.2991,132.6595,140.7504,36.2674,40.5983,52.0329,59.7248,85.3078,110.4925,106.8975,127.8062,140.1029,36.904,37.7205,27.366,46.9578,49.1722,70.2278,83.4187,78.6271,63.02,70.88,77.29,82.65,89.1,93.7,105.24,118.19,131.15,1,1,1,17,2,3,2,2.6,2.4,1.5,6.3333,4.4,8
"15878","10015881",55.1895,66.1632,73.2344,95.1454,104.5667,115.2221,111.3399,113.4494,135.1361,43.6567,48.6309,63.2334,79.8032,69.7762,101.1615,114.9765,117.5719,119.2796,20.9348,28.5221,37.0765,38.1288,42.3073,56.7592,69.9009,59.161,69.4,73.58,80.22,86.2,91.43,97.87,109.87,122.83,133.87,1,3,1,3,1,3.7143,3.25,3.2,1.4,1,5.3333,5,1
"15905","10015908",47.3219,66.5288,64.0665,86.9088,96.7634,109.3067,126.4871,135.3082,141.0161,41.9482,62.8719,72.7462,87.3083,87.8726,112.1663,111.8564,138.1838,136.4,35.1825,47.7248,42.3689,51.5019,58.8113,65.7274,83.8072,88.4219,65.23,69.53,76.01,81.99,87.29,93.7,106.65,117.67,129.67,1,3,1,3,1,2.8571,3.6667,3.2,1.4,1,3.6667,4,3
"15986","10015989",56.0659,68.0203,62.2784,86.8155,89.7834,101.0919,106.3038,122.6965,128.9677,37.3117,50.5036,48.7819,78.1212,93.2735,103.3673,95.8859,124.4257,122.8157,32.8048,34.8933,38.8222,46.5214,45.8256,57.563,72.4405,77.0861,62.86,68.15,74.24,81.53,86.5,92.98,105.01,116.12,128.12,2,1,3,6,1,3.4286,3.75,3.8,1.6,1.5,4.3333,5.5,3
"16015","10016018",60.8286,68.0613,81.0137,109.2686,119.6719,131.7948,139.3514,151.0121,155.3647,45.6114,54.7718,58.5127,70.9269,75.9669,98.0163,125.2978,130.8398,134.7515,41.0768,47.326,51.2953,69.4748,74.5288,77.4489,80.6029,87.6064,71.05,75.91,81.63,87.35,93.37,99.81,113.75,124.73,136.73,1,1,4,18,1,3.5714,4,2.75,1,1,5.5,6.8,6
"16056","10016059",69.405,92.4637,105.0163,110.1796,116.8462,121.0894,122.5725,136.29,145.6471,49.5294,59.9862,79.306,87.6457,92.1888,102.1564,117.7323,121.3331,130.6423,39.0652,42.3646,47.866,57.7706,64.4078,66.6356,71.3509,88.8546,66.9,73.84,80.02,84.66,91.3,97.08,108.79,120.76,131.84,2,3,2,17,2,3,1.5,1.4,2.6,3.25,5.1667,3.6,6
"16089","10016092",63.671,65.8573,76.0971,95.0759,96.3708,108.2504,115.7537,128.8718,150.1421,55.1319,55.7782,74.2987,85.8754,86.7297,104.172,109.526,123.6642,128.7902,29.0787,33.4162,40.226,41.4682,50.9315,57.2897,60.9053,80.5688,68.42,73.38,78.28,85.18,90.38,96.66,108.13,119.21,131.21,1,3,1,12,2,2.8571,3.25,3.2,1.6,2,4.3333,5.5,6
"16168","10016171",59.6836,83.1077,89.329,93.5189,99.0805,96.0742,113.0687,121.9462,124.1526,38.1421,45.6227,56.7389,55.8622,71.8363,79.0117,82.3293,104.539,93.0769,27.1399,29.5061,35.0063,37.6802,44.8187,48.091,58.6155,63.113,69.83,75.39,80.91,86.6,92.19,98.4,109.64,122.6,134.56,1,1,4,17,1,2.5714,2.75,2.2,1.8,1.25,3.3333,3.3333,8
"16199","10016202",47.7762,66.2051,78.9097,96.1071,111.2835,119.6378,126.5203,135.123,150.362,36.7018,58.4663,57.0823,86.3342,88.8659,106.8403,126.0594,138.5593,134.2219,24.833,34.8991,43.2802,47.4822,62.5494,69.6895,73.8592,72.7051,63.09,69.76,75.29,80.55,88.01,93.04,105.7,117.73,128.71,1,3,2,5,1,3.7143,4,3.6,1,2.75,6.1667,6.3333,3
"16209","10016212",50.303,73.7157,77.7262,107.7444,104.5667,117.3725,117.1674,131.6387,138.7422,28.2426,61.9594,56.0352,69.2821,77.4978,86.3196,99.281,101.9161,133.0903,30.3812,34.2378,47.2922,43.7547,50.7204,57.7326,62.4429,72.0195,63.88,70.36,75.29,81.93,88.6,94.68,106.92,118.88,130.95,1,3,1,3,1,2.2857,2.6667,3.2,1.2,1.25,2.5,4.8333,3
"16228","10016231",63.6821,66.7731,89.809,99.655,112.0348,114.8345,135.8634,134.2885,152.5513,66.311,86.1955,96.2318,96.7088,99.9407,113.8868,114.7414,123.0621,140.3992,41.2615,42.2973,44.2946,49.8102,53.9471,75.9769,73.2424,86.53,67.76,73.97,79.99,85.28,91.43,97.97,109.64,120.69,134.66,1,8,2,16,1,3.2857,3.3333,3,1,1,5.4,6,7
"16236","10016239",55.6915,66.6356,87.6524,105.1998,114.2794,115.3796,122.1522,133.74,145.0034,42.0448,54.2038,55.6799,68.1683,67.3343,82.6418,96.2081,109.2643,109.6138,43.5123,45.9517,45.2402,48.8373,46.4977,62.415,54.4948,67.8535,62.4,68.19,73.97,79.92,84.76,91.33,102.9,115.92,125.95,2,1,4,11,1,3.1429,4,3.8,1,1.5,4.1667,4.6667,3
"16243","10016246",53.078,73.9929,70.5764,110.0975,120.0646,144.5099,139.0558,140.6685,152.1739,32.7307,56.1675,59.1814,67.2784,74.9515,91.8229,109.4569,124.4883,122.1742,36.6823,43.8719,55.716,59.295,65.6998,79.7448,76.5661,82.3222,62.89,68.38,73.48,79.63,85.84,91.82,104.02,115.1,128.12,1,1,4,16,2,2.4286,2.75,3.2,1.4,1.25,4.1667,5.75,5
"16247","10016250",41.7343,68.0157,71.9225,85.9823,101.6506,116.931,134.6242,127.3628,138.311,27.6635,50.063,56.4252,80.8975,73.257,89.4902,112.0356,118.4989,140.2602,41.5677,43.096,42.7662,58.9941,64.9727,74.4058,73.438,80.3056,70.52,76.96,82.52,89.56,94.62,101.13,113.16,126.08,138.08,2,1,4,16,1,2.7143,3,2.6,1.4,1.25,4.6667,5.1667,6
"16263","10016266",45.568,62.2612,63.942,99.2078,97.579,100.2982,110.6351,119.5164,123.7146,24.3564,42.189,39.6307,58.249,66.5187,70.0123,90.0613,89.7618,94.9282,20.882,27.6271,30.4898,38.8144,49.0369,43.3354,43.8385,55.4255,61.87,68.98,74.04,81.86,87.39,93.99,105.63,117.63,129.63,2,1,4,13,1,2.7143,3.3333,2.6,1.6,1.75,3.75,3.6,5
"16282","10016285",70.6631,71.433,73.4419,89.3755,87.6648,110.6674,103.0447,123.7146,124.0835,39.5907,45.8712,64.7956,67.353,68.4631,82.2485,97.952,103.394,129.4841,32.9419,38.0523,43.7014,52.4333,58.449,59.8112,58.4889,72.7695,73.05,77.65,83.38,88.93,94.16,101.1,113.82,125.82,137.79,1,1,2,16,1,2.2857,2.25,2,2.8,1.5,3.8333,2.3333,3
"16339","10016342",61.2925,86.4156,105.7367,111.6532,112.3895,129.8666,147.7458,150.0244,151.5679,69.1586,80.2646,95.5283,95.3927,108.8993,112.5326,134.6671,135.2609,137.2038,40.7553,44.8978,58.2221,73.7981,68.1954,81.1907,82.2551,89.3955,67.04,73.48,78.54,84.95,90.58,96.89,108.69,120.69,132.66,1,1,2,16,1,3.2857,3.25,3.4,1,1.25,6.1667,5.8333,6
"16363","10016366",53.0938,64.7289,75.4365,102.7432,103.1174,107.7336,128.3195,124.7052,131.3511,40.3843,44.3419,49.1668,70.7828,72.9599,80.8168,94.8403,114.8428,112.4589,34.007,27.2779,34.2727,39.4409,44.6625,37.6614,47.5099,54.4832,62.24,68.25,74.24,80.61,86.2,93.07,105.07,116.19,128.15,2,2,2,18,2,3,3,3,1.2,1.5,5.8333,5.8333,6
"16376","10016379",49.3533,69.6482,83.3602,106.8506,119.4615,127.509,125.7219,145.0062,154.0068,34.55,54.7242,63.9296,88.3022,76.066,100.9342,120.1459,129.5583,140.6188,39.2374,48.8323,48.4075,48.5905,54.682,62.8211,73.8101,87.5673,65.33,70.92,77.98,82.82,89,94.95,107.21,119.28,132.16,2,1,2,16,1,3.2857,3,2.8,1.6,1.25,6.1667,6.1667,8
"16378","10016381",54.768,76.2105,89.9029,111.8578,122.7347,132.4821,128.6533,145.0428,150.7177,33.261,56.3481,57.9832,66.6874,76.5706,89.8136,98.2281,115.5956,120.0186,41.7689,45.0182,47.1751,50.1777,55.24,65.523,78.6317,81.9527,64.47,70.03,76.01,82.16,89.06,93.9,104.28,117.27,129.21,2,1,4,16,1,4,3.75,3,1,1.75,6.1667,7,3
"16441","10016444",54.1696,57.3458,72.1509,104.4468,114.812,117.6501,131.874,141.9882,136.8649,36.3625,39.7068,57.9029,73.2157,81.137,100.711,108.7942,101.7351,113.7371,42.6867,44.0208,48.6219,53.5295,59.9885,64.2737,64.2254,79.4758,63.16,69.83,75.39,81.57,86.4,93.34,105.17,118.13,129.21,1,1,2,16,1,3.4286,3.3333,3.6,1.8,1.5,5.2,6,4
"16476","10016479",57.8291,75.7025,85.0539,115.1153,132.8048,141.0893,139.0455,145.6594,152.2512,40.4849,67.7379,74.0828,81.6971,92.5285,119.3802,125.9505,138.581,133.1362,44.9832,39.9185,53.1567,55.9364,62.8752,72.4041,78.3312,88.2525,64.54,70.72,76.24,82.92,88.37,94.85,106.45,118.45,128.52,2,8,1,15,1,2.4286,2.25,2.6,1.8,1.25,4.5,3.5,8
"16495","10016498",104.8121,111.5759,112.8172,130.9066,135.9453,141.3993,140.2028,151.385,153.7272,54.2489,67.7567,64.8781,94.3552,109.0896,118.0245,124.1532,131.3218,134.6042,48.8755,42.1717,53.2474,64.5827,67.3631,75.3415,72.9576,88.881,69.83,74.73,79.96,85.91,91.27,97.91,109.94,121.84,132.89,2,8,1,15,1,3.7143,3.25,3.4,1.6,1.5,6.8333,6,6
"16524","10016527",56.676,71.6216,100.5669,112.9284,113.0676,119.5297,131.0244,134.8619,134.628,48.0505,65.7748,65.8295,77.282,82.6037,105.4884,110.3394,113.4556,105.965,36.4609,32.8112,32.9279,46.8733,48.9719,53.4821,65.215,67.7744,69.93,74.07,81.83,86.14,91.69,97.48,109.68,120.72,133.68,1,3,2,17,2,3.5714,4,3.8,1,1.25,4.1667,6.1667,6
"16537","10016540",57.5707,71.4303,96.0601,93.3743,109.2686,126.9662,134.298,136.5438,143.3527,70.068,75.8,77.6379,103.8144,115.3768,120.8059,121.84,142.562,142.7679,42.7127,42.3603,48.2892,57.9411,63.2121,72.2816,84.9758,89.9219,66.54,72.92,78.74,84.39,89.95,96.36,106.75,119.67,131.7,1,1,4,17,1,3.4286,2.75,3,1.6,1.5,5.1667,5.8333,8
"16554","10016557",49.3683,54.2948,54.8143,57.5052,65.2543,85.6553,92.136,109.3819,121.1157,27.8105,33.9413,33.5419,39.2454,44.8638,67.9904,86.7278,101.3924,111.945,21.493,25.0776,29.6022,39.8059,44.4254,42.5447,59.5996,77.9965,64.08,69.83,75.12,81.07,86.33,93.9,104.78,116.75,128.75,1,3,2,8,1,1.4286,2.75,2,1.4,2.25,3.5,4.5,4
"16613","10016616",49.1317,52.5623,55.6074,60.5009,69.702,100.2138,105.9244,121.2335,120.8361,24.6248,36.9209,38.9043,47.4783,56.4059,69.8733,87.859,91.857,98.6587,25.2405,18.3656,28.9343,24.5945,33.4337,30.9127,39.2865,43.607,60.36,65.62,71.61,78.71,84.2,90.18,100.77,113.75,125.72,2,3,1,17,2,2.4286,3.5,2.6,1.8,1.25,3.8333,4.6667,6
"16640","10016643",72.7014,102.8763,108.9374,125.4747,124.0135,143.0816,130.8206,152.4619,156.9365,67.3743,81.6528,79.4571,99.0623,105.1025,123.2223,114.5466,128.0639,136.3354,43.6806,52.8946,54.6317,55.3341,59.651,67.4244,78.4855,82.6488,70.62,76.87,82.88,88.11,94.26,100.83,112.5,123.55,137.52,1,1,2,17,1,3.8571,3.75,3.8,1,1.25,6.5,6.5,6
"16689","10016692",42.5519,56.896,61.9323,76.8241,90.7417,104.9953,93.47,124.6383,111.7435,25.3702,39.9141,44.9783,58.3002,65.3511,79.1718,85.9704,99.12,96.5212,20.4556,31.4233,35.5285,33.3148,41.0366,39.5773,45.74,64.4802,67.79,73.94,79.23,86.14,91.89,98.3,110.1,122.14,134.1,1,2,2,6,1,1.5714,2,2,3,2,3.5,2.3333,5
"16764","10016767",41.3695,60.3388,73.8657,92.4548,97.2011,106.579,115.8473,133.1342,126.0841,26.8054,44.3978,56.6833,64.4487,66.69,71.2729,109.3229,109.4883,122.8729,20.1494,26.4755,25.5842,30.2422,31.2258,42.7635,52.6624,64.7988,60.59,66.12,73.05,78.74,84.03,89.59,102.94,113,127,2,3,1,2,1,2.7143,3,2.6,1.4,1,5.1667,5.4,3
"16867","10016870",42.2976,44.6235,59.8781,82.7081,81.3353,96.697,108.4171,121.9147,124.7282,23.2704,42.1545,33.5737,60.9171,60.3865,66.4266,70.3457,84.7345,78.6839,21.2724,24.8379,24.0783,25.0112,32.7142,35.8388,48.1865,57.3158,68.09,73.87,79.2,85.08,90.38,97.94,108.82,120.82,132.79,2,3,2,2,1,3,3.5,3.2,1,2,4.4,6,2
"16887","10016890",82.8144,94.7663,109.3393,124.0589,122.7063,139.5136,149.2887,151.1194,155.6242,48.03,64.8368,68.4225,96.5163,91.9473,109.8662,121.1528,133.6901,142.1895,43.2846,50.4517,59.5168,54.3439,71.469,82.4447,87.6253,89.9384,67.23,72.92,79.4,86.83,90.44,98.93,110.1,122.1,134.14,2,5,1,17,1,3.7143,3.25,2.8,1.6,2,6,5.1667,8
"16929","10016932",58.06,83.7601,90.1984,111.1128,115.6329,129.0916,132.8525,145.3462,140.2792,40.2778,46.1473,63.7895,97.9437,108.5632,120.6963,123.9039,129.9927,141.5217,34.7486,32.8016,45.3077,50.1589,47.8856,58.1911,68.614,63.3559,72.33,78.31,83.87,92.38,95.57,101.98,114.21,126.31,139.3,1,1,1,17,1,2.8571,3.25,3.5,1,1,4,4.5,8
"16937","10016940",51.0435,55.6733,67.2633,84.1664,107.9648,109.3937,118.9161,117.5981,122.4485,30.1726,43.4753,55.5984,73.0803,80.7428,86.9392,96.4942,105.2485,115.0049,22.9687,35.1244,36.9532,50.0737,55.1366,58.6061,66.3702,71.644,71.7,76.87,84.2,89.62,96.59,101.23,113.19,124.18,137.19,1,5,1,7,1,3.1429,3.75,3.75,1.2,1,4,4.3333,3
"17073","10017076",53.3918,57.2927,69.4679,97.2345,99.6747,110.1468,134.2809,123.8886,135.1904,33.1123,37.3594,44.6776,64.6516,67.5371,72.7258,88.4392,99.7099,96.9446,28.1949,42.109,47.1912,39.0338,49.5972,60.2473,60.6811,66.3013,68.58,74.43,80.84,87.62,92.71,99.16,111.22,123.22,135.19,2,3,4,5,1,2,3.6667,3,1,1.3333,3.6667,5,3
"17220","10017223",53.1353,95.0389,90.2327,110.0538,109.7807,121.6076,125.7552,147.0863,149.9981,35.2049,55.8478,61.9519,84.3991,85.5784,103.7087,106.4641,122.8966,132.6413,33.2062,35.7954,44.5642,44.2991,49.4944,58.8477,62.6549,80.1846,60.3,67.27,72.49,80.75,84.76,90.84,101.92,114.94,125.92,2,1,2,17,1,3.8571,4,3.75,1,1.25,6.5,6.6667,8
"17221","10017224",55.4621,64.8329,74.9559,104.3999,104.8749,117.7918,139.2918,131.5297,150.5292,49.004,66.3504,71.0061,88.0816,86.3342,106.7957,124.0237,132.2307,134.9576,50.3917,51.0027,57.6181,57.0134,67.7405,78.3482,84.6054,89.3195,72.95,79.36,84.89,91.96,97.02,103.53,115.56,128.48,140.48,2,1,4,18,1,2.8571,3,3.8,1.6,1.25,5.5,5.5,8
"17235","10017238",50.5338,65.9774,70.3055,86.3351,85.0815,101.6001,111.2728,115.3172,118.4107,27.7532,36.8057,51.1608,63.2739,64.6387,78.9464,83.2656,82.2405,106.098,20.2638,27.3818,29.2564,39.7043,42.4578,56.7364,53.7,64.9592,70.32,75.19,81.86,87.35,94.22,99.06,111.39,121.41,133.41,1,3,1,6,1,2,1.6667,1.8,2.8,1.25,2.25,2.5,3
"17265","10017268",45.4913,57.3458,56.9428,83.1994,94.711,111.1623,125.4718,125.7948,133.4359,24.7929,41.5747,44.0698,56.1338,68.3196,63.9169,76.6613,86.8385,95.3,32.5964,32.516,44.8066,41.6928,50.4002,53.0352,67.2073,64.4952,67.4,72.79,77.65,84.39,90.25,97.61,108.36,120.43,131.41,2,3,2,9,1,3.2857,3.5,3.6,1.8,1,4,5,6
"17291","10017294",52.668,61.7977,71.6243,85.5997,90.1941,102.7944,114.1798,125.5718,145.6581,29.4987,35.1897,51.3998,64.3334,77.9255,88.9753,113.9489,121.3232,131.9969,26.9428,36.181,34.7486,53.5879,58.0098,59.3206,75.9737,80.7317,67.66,74.76,80.52,86.93,93.14,99.35,109.81,121.78,132.82,1,3,2,4,1,4,3.5,3.4,1,1.25,6.5,6.4,2
"17293","10017296",66.4331,88.681,104.4103,115.9428,126.7306,137.051,134.2409,141.4275,149.0529,49.9295,69.0709,81.1302,80.8975,84.8448,110.6217,122.2196,129.0823,137.2622,42.2344,50.9263,59.2331,57.3277,69.0543,72.313,79.9149,81.7334,61.15,67.13,72.92,78.84,84.85,90.84,103.66,114.64,125.72,2,1,1,14,1,3.5714,4,4,1,1.75,6.3333,6,6
"17315","10017318",75.6834,103.0609,104.9377,108.5691,108.8615,129.8337,130.6303,138.7007,148.9599,38.1269,43.2878,52.8355,67.329,74.4462,90.3485,107.019,106.3144,117.3171,37.2537,37.6336,48.7477,53.8204,69.8698,65.4275,78.0633,85.93,63.65,69.11,74.63,81.6,87.95,93.9,104.05,117.07,128.98,1,3,1,12,1,2.2857,3,2.6,2,1.5,4.3333,4.3333,6
"17344","10017347",47.1225,47.6151,57.995,65.7768,75.4018,96.418,108.1441,113.6163,130.3331,26.5468,38.687,48.6949,59.3681,57.2931,70.6194,84.0044,90.1054,98.5287,28.378,22.7151,35.165,29.8371,41.0893,53.7043,58.7613,76.0281,73.35,78.71,85.08,89.92,94.82,101.23,112.67,125.72,137.65,1,3,2,17,1,2.4286,2.5,2.4,1.8,2,4.5,4.2,5
"17375","10017378",70.9824,94.8309,127.7992,133.4663,127.0222,136.8946,129.6892,149.8164,155.2472,47.3849,58.1758,79.9555,90.1151,96.6807,106.8484,112.6804,120.9207,121.7292,47.3453,53.2038,54.1608,63.0363,67.6797,70.0066,75.9178,83.0694,62.37,69.04,75.52,81.7,87.88,93.4,104.68,117.63,128.65,1,1,1,14,2,4,4,4,1,1,6.6667,7,6
"17479","10017482",68.1779,83.3333,112.0293,124.8866,130.2491,129.987,144.5166,147.0837,147.4944,50.9221,59.0317,78.6701,84.2039,100.3217,104.9847,113.6576,122.4132,129.046,33.0344,45.6704,58.5775,53.5769,60.8252,73.2161,77.3972,79.7207,69.93,76.24,82.06,87.95,94.16,99.95,112.77,123.75,134.83,2,1,1,17,1,3.1429,2.5,2.8,2.4,1.75,6.8333,5.4,8
"17492","10017495",57.2712,65.7933,80.6976,109.9663,108.9482,126.8035,145.7443,141.7607,130.051,39.3224,57.4969,81.9225,89.2741,109.8177,104.1679,126.2362,124.6685,129.9131,37.2686,42.3173,56.2456,63.359,70.3269,74.0308,77.9841,82.6361,70.45,75.95,82.22,87.48,93.93,100.34,111.88,122.93,135.91,1,3,4,17,1,3.1429,3,3.4,2,1.75,4.6667,5.1667,6
"17549","10017552",94.4305,86.7872,105.5416,108.3152,129.2955,136.8946,137.381,142.7514,149.5484,49.1874,71.2047,76.0071,83.6357,100.2487,101.0884,124.4374,119.6862,143.3201,43.4005,42.4162,38.2745,60.9958,67.2583,64.7671,76.7435,88.162,72.69,78.94,84.2,89.69,96.16,102.15,113.42,126.48,138.38,2,1,2,17,1,4,4,4,1,1,5.3333,5.5,8
"17553","10017556",54.8057,60.473,64.276,78.8287,84.9162,106.0696,120.1488,135.3921,126.0341,31.0171,42.1674,47.6149,46.6847,80.7899,87.1199,90.3174,117.4195,117.1344,30.5814,32.9988,37.2351,59.0179,49.0003,61.1609,67.9898,75.9162,80.81,87.48,91.66,99.02,104.68,111.85,122.53,135.45,147.52,2,1,2,16,1,2.5714,3,2.8,1.2,1.5,3.5,5,8
"17665","10017668",55.7268,65.4541,65.5944,89.6514,85.3539,100.2982,102.7496,122.6208,133.1226,35.6387,46.5508,51.3185,62.6349,58.6301,73.1215,98.504,110.1875,116.0215,24.214,25.9306,28.2981,31.5836,43.7888,58.517,58.2269,71.8784,64.34,68.71,76.27,80.88,86.86,93.07,104.38,117.27,129.27,1,3,1,2,1,2.7143,3.25,2.6,1.4,1.25,4.1667,4.1667,7
"17681","10017684",79.0757,100.1344,101.8933,119.1942,117.3782,127.7044,130.0712,136.622,144.035,54.6052,63.1271,82.545,94.1295,113.0273,112.8504,120.7818,134.2888,140.5028,36.5836,40.7663,53.1821,51.9354,52.5191,66.0361,62.6911,79.7765,62.66,69.04,74.86,80.52,86.1,92.48,102.87,114.87,128.84,1,5,4,15,1,3.2857,2.75,3.2,1.2,1,5.6667,5.5,8
"17700","10017703",54.4219,64.449,71.7125,98.5686,99.719,117.2819,130.8286,131.7397,138.6106,32.0727,48.7132,57.0266,62.7911,68.8385,92.4307,117.1405,115.5976,116.6782,35.3351,44.1403,45.7262,51.5037,55.2005,69.2999,68.9033,77.9359,70.92,76.93,82.59,87.95,93.01,99.42,112.37,122.43,136.44,2,1,1,2,1,3.8571,3.75,3.8,1.8,1.5,6.3333,6.5,4
"17751","10017754",58.4397,62.7069,67.6453,93.7866,93.8411,123.1443,127.9561,109.6675,135.5224,43.0855,47.3394,59.7963,82.763,74.9819,92.2746,121.3411,123.1941,126.6223,31.3495,37.9963,41.1614,43.9776,39.8246,55.3294,54.2645,69.5452,67.04,71.21,77,83.44,88.73,95.38,107.54,119.61,131.57,1,1,4,8,2,4,3.5,4,1.6,1.25,6,6.8333,5
"17765","10017768",45.7387,54.7594,65.7029,85.6633,98.7243,95.7555,107.6694,126.8665,137.406,26.4432,22.7905,41.8155,59.5894,65.3148,77.6602,94.0253,111.8544,118.6968,24.1608,28.3034,33.6565,42.7908,47.1703,65.5816,75.2013,78.026,67.13,72.49,77.92,83.84,90.08,96.3,107.87,118.88,130.85,1,1,4,9,1,2.8571,3,3,1.6,1.25,4.6667,5,5
"17842","10017845",57.9977,70.145,75.3421,89.5112,94.9602,106.271,122.19,124.3097,129.4377,38.4083,49.5937,51.8371,62.1098,71.384,98.2018,100.9626,105.6061,115.8944,27.7664,24.3573,31.8786,36.9458,39.7377,56.1181,60.3002,69.4864,60.39,67.17,71.9,77.88,82.95,91.23,102.31,115.33,126.31,1,2,2,4,1,3.7143,3.75,4,1.4,1,6.1667,5.8333,5
"17883","10017886",45.3321,65.1282,88.0526,102.3351,112.2675,117.6161,121.3029,134.18,131.8029,21.697,49.796,61.9319,65.0174,69.4528,76.8749,96.1969,105.4705,119.7539,32.694,39.0783,43.131,46.9769,42.827,46.6762,68.6359,45.3573,60.49,67.2,73.64,79.79,86.01,91.53,102.81,115.76,126.77,2,1,1,16,2,2.7143,2.75,3,2.4,1.75,4.3333,3.3333,5
"17926","10017929",53.5848,59.6511,64.1405,76.3406,80.0856,87.3162,116.6683,129.4946,144.3855,35.0535,49.153,59.1004,83.5269,94.3235,112.6613,106.4513,130.5575,130.2159,34.2344,38.4158,48.4207,41.1892,62.4897,66.5751,80.8203,84.5586,69.67,75.58,79.63,87.29,92.45,99.58,111.35,123.32,135.32,1,1,4,14,1,2.1429,2,2,3.4,2,3.8333,2.6,5
"17948","10017951",45.3595,51.5542,52.2486,79.6065,96.5976,116.5241,133.567,122.9086,131.0623,34.8064,43.701,48.087,55.077,78.2531,91.087,96.341,109.8957,121.1508,32.6611,31.4972,47.1511,42.5325,49.422,59.1137,65.0929,68.3431,66.74,72.33,77.59,85.38,89.82,97.55,107.51,120.56,132.49,1,3,1,2,1,2.4286,3,2.6,1,1.25,4.1667,6.1667,1
"17955","10017958",48.7814,69.0211,79.3599,106.6482,106.9839,119.2283,132.2698,131.0623,148.9948,34.4793,55.2657,63.8098,86.726,77.3296,88.6325,113.3127,118.5089,130.2518,33.8456,30.0726,36.2363,44.9328,50.536,72.1937,69.0159,81.3018,66.87,73.55,79.1,86.17,90.97,98.86,110.17,122.24,132.23,2,3,2,5,1,2.4286,2,2.2,2.75,2,4.1667,4,2
"18025","10018028",56.2453,84.634,87.48,97.44,106.7866,128.1722,127.5113,128.2642,143.8454,39.2454,55.1057,63.6571,69.1339,79.1881,99.1957,112.3768,119.9012,133.9556,42.7792,41.8141,40.3141,50.679,50.9419,62.6648,69.5737,78.147,70.82,77.69,82.75,89.26,94.92,101.33,112.64,126.54,138.54,2,1,1,17,1,3.8571,3.3333,3.6,1,1.25,6.8333,6.1667,8
"18117","10018120",75.9746,102.5951,127.788,108.7315,150.8873,143.3433,146.9536,147.2945,155.3403,80.6623,95.1497,96.3399,112.6251,113.9029,118.2582,134.435,137.3977,139.7477,41.6829,66.2796,65.2838,67.2856,68.8868,77.7038,86.0685,89.3034,74.47,79.96,86.04,92.35,97.87,104.09,116.68,129.63,139.59,1,8,2,18,1,3,3.75,3,1.8,1,4.8,5.2,8
